file,line,type,commit,author,date,time,timezone,datetime,depth,length
style.css,1,css,194c6495,Yutao Lin,2026-04-10,14:08:08,-07:00,2026-04-10T14:08:08-07:00,0,0
style.css,2,css,87a60840,Yutao Lin,2026-04-02,21:47:31,-07:00,2026-04-02T21:47:31-07:00,0,4
style.css,3,css,87a60840,Yutao Lin,2026-04-02,21:47:31,-07:00,2026-04-02T21:47:31-07:00,1,23
style.css,4,css,167a2d60,Yutao Lin,2026-04-10,13:51:42,-07:00,2026-04-10T13:51:42-07:00,1,15
style.css,5,css,167a2d60,Yutao Lin,2026-04-10,13:51:42,-07:00,2026-04-10T13:51:42-07:00,1,18
style.css,6,css,bcd87726,Yutao Lin,2026-04-03,14:43:59,-07:00,2026-04-03T14:43:59-07:00,1,12
style.css,7,css,bcd87726,Yutao Lin,2026-04-03,14:43:59,-07:00,2026-04-03T14:43:59-07:00,0,0
style.css,8,css,bcd87726,Yutao Lin,2026-04-03,14:43:59,-07:00,2026-04-03T14:43:59-07:00,0,0
style.css,9,css,bcd87726,Yutao Lin,2026-04-03,14:43:59,-07:00,2026-04-03T14:43:59-07:00,0,3
style.css,10,css,bcd87726,Yutao Lin,2026-04-03,14:43:59,-07:00,2026-04-03T14:43:59-07:00,1,12
style.css,11,css,bcd87726,Yutao Lin,2026-04-03,14:43:59,-07:00,2026-04-03T14:43:59-07:00,1,20
style.css,12,css,56d3e931,Yutao Lin,2026-04-10,13:59:14,-07:00,2026-04-10T13:59:14-07:00,1,41
style.css,13,css,56d3e931,Yutao Lin,2026-04-10,13:59:14,-07:00,2026-04-10T13:59:14-07:00,0,0
style.css,14,css,56d3e931,Yutao Lin,2026-04-10,13:59:14,-07:00,2026-04-10T13:59:14-07:00,0,0
style.css,15,css,56d3e931,Yutao Lin,2026-04-10,13:59:14,-07:00,2026-04-10T13:59:14-07:00,0,5
style.css,16,css,56d3e931,Yutao Lin,2026-04-10,13:59:14,-07:00,2026-04-10T13:59:14-07:00,1,6
style.css,17,css,56d3e931,Yutao Lin,2026-04-10,13:59:14,-07:00,2026-04-10T13:59:14-07:00,1,20
style.css,18,css,56d3e931,Yutao Lin,2026-04-10,13:59:14,-07:00,2026-04-10T13:59:14-07:00,1,13
style.css,19,css,56d3e931,Yutao Lin,2026-04-10,13:59:14,-07:00,2026-04-10T13:59:14-07:00,1,17
style.css,20,css,56d3e931,Yutao Lin,2026-04-10,13:59:14,-07:00,2026-04-10T13:59:14-07:00,1,13
style.css,21,css,56d3e931,Yutao Lin,2026-04-10,13:59:14,-07:00,2026-04-10T13:59:14-07:00,0,0
style.css,22,css,56d3e931,Yutao Lin,2026-04-10,13:59:14,-07:00,2026-04-10T13:59:14-07:00,0,0
style.css,23,css,8df3e10e,Yutao Lin,2026-04-16,00:45:24,-07:00,2026-04-16T00:45:24-07:00,0,10
style.css,24,css,56d3e931,Yutao Lin,2026-04-10,13:59:14,-07:00,2026-04-10T13:59:14-07:00,0,13
style.css,25,css,1a7a1db1,Yutao Lin,2026-04-16,00:29:24,-07:00,2026-04-16T00:29:24-07:00,1,45
style.css,26,css,24e370ab,Yutao Lin,2026-04-16,00:50:58,-07:00,2026-04-16T00:50:58-07:00,1,20
style.css,27,css,8df3e10e,Yutao Lin,2026-04-16,00:45:24,-07:00,2026-04-16T00:45:24-07:00,1,69
style.css,28,css,56d3e931,Yutao Lin,2026-04-10,13:59:14,-07:00,2026-04-10T13:59:14-07:00,0,0
style.css,29,css,56d3e931,Yutao Lin,2026-04-10,13:59:14,-07:00,2026-04-10T13:59:14-07:00,0,0
style.css,30,css,56d3e931,Yutao Lin,2026-04-10,13:59:14,-07:00,2026-04-10T13:59:14-07:00,0,4
style.css,31,css,17e0c52f,Yutao Lin,2026-04-16,00:56:32,-07:00,2026-04-16T00:56:32-07:00,1,23
style.css,32,css,56d3e931,Yutao Lin,2026-04-10,13:59:14,-07:00,2026-04-10T13:59:14-07:00,1,31
style.css,33,css,56d3e931,Yutao Lin,2026-04-10,13:59:14,-07:00,2026-04-10T13:59:14-07:00,1,32
style.css,34,css,56d3e931,Yutao Lin,2026-04-10,13:59:14,-07:00,2026-04-10T13:59:14-07:00,0,0
style.css,35,css,56d3e931,Yutao Lin,2026-04-10,13:59:14,-07:00,2026-04-10T13:59:14-07:00,0,0
style.css,36,css,17e0c52f,Yutao Lin,2026-04-16,00:56:32,-07:00,2026-04-16T00:56:32-07:00,0,13
style.css,37,css,17e0c52f,Yutao Lin,2026-04-16,00:56:32,-07:00,2026-04-16T00:56:32-07:00,1,17
style.css,38,css,17e0c52f,Yutao Lin,2026-04-16,00:56:32,-07:00,2026-04-16T00:56:32-07:00,1,8
style.css,39,css,17e0c52f,Yutao Lin,2026-04-16,00:56:32,-07:00,2026-04-16T00:56:32-07:00,1,10
style.css,40,css,17e0c52f,Yutao Lin,2026-04-16,00:56:32,-07:00,2026-04-16T00:56:32-07:00,1,13
style.css,41,css,6d9c26c9,Yutao Lin,2026-04-16,01:07:05,-07:00,2026-04-16T01:07:05-07:00,0,0
style.css,42,css,6d9c26c9,Yutao Lin,2026-04-16,01:07:05,-07:00,2026-04-16T01:07:05-07:00,0,0
style.css,43,css,6d9c26c9,Yutao Lin,2026-04-16,01:07:05,-07:00,2026-04-16T01:07:05-07:00,0,4
style.css,44,css,6d9c26c9,Yutao Lin,2026-04-16,01:07:05,-07:00,2026-04-16T01:07:05-07:00,0,7
style.css,45,css,6d9c26c9,Yutao Lin,2026-04-16,01:07:05,-07:00,2026-04-16T01:07:05-07:00,0,5
style.css,46,css,6d9c26c9,Yutao Lin,2026-04-16,01:07:05,-07:00,2026-04-16T01:07:05-07:00,0,6
style.css,47,css,6d9c26c9,Yutao Lin,2026-04-16,01:07:05,-07:00,2026-04-16T01:07:05-07:00,1,12
style.css,48,css,17e0c52f,Yutao Lin,2026-04-16,00:56:32,-07:00,2026-04-16T00:56:32-07:00,0,0
style.css,49,css,17e0c52f,Yutao Lin,2026-04-16,00:56:32,-07:00,2026-04-16T00:56:32-07:00,0,0
style.css,50,css,bcd87726,Yutao Lin,2026-04-03,14:43:59,-07:00,2026-04-03T14:43:59-07:00,0,3
style.css,51,css,e3772305,Yutao Lin,2026-04-03,15:03:43,-07:00,2026-04-03T15:03:43-07:00,1,15
style.css,52,css,42fbcb61,Yutao Lin,2026-04-03,14:49:19,-07:00,2026-04-03T14:49:19-07:00,1,10
style.css,53,css,bcd87726,Yutao Lin,2026-04-03,14:43:59,-07:00,2026-04-03T14:43:59-07:00,1,11
style.css,54,css,bcd87726,Yutao Lin,2026-04-03,14:43:59,-07:00,2026-04-03T14:43:59-07:00,0,0
style.css,55,css,bcd87726,Yutao Lin,2026-04-03,14:43:59,-07:00,2026-04-03T14:43:59-07:00,0,0
style.css,56,css,bcd87726,Yutao Lin,2026-04-03,14:43:59,-07:00,2026-04-03T14:43:59-07:00,0,4
style.css,57,css,bcd87726,Yutao Lin,2026-04-03,14:43:59,-07:00,2026-04-03T14:43:59-07:00,0,7
style.css,58,css,bcd87726,Yutao Lin,2026-04-03,14:43:59,-07:00,2026-04-03T14:43:59-07:00,0,6
style.css,59,css,bcd87726,Yutao Lin,2026-04-03,14:43:59,-07:00,2026-04-03T14:43:59-07:00,1,12
style.css,60,css,bcd87726,Yutao Lin,2026-04-03,14:43:59,-07:00,2026-04-03T14:43:59-07:00,0,0
style.css,61,css,bcd87726,Yutao Lin,2026-04-03,14:43:59,-07:00,2026-04-03T14:43:59-07:00,0,0
style.css,62,css,f180448c,Yutao Lin,2026-04-10,14:05:44,-07:00,2026-04-10T14:05:44-07:00,0,4
style.css,63,css,f180448c,Yutao Lin,2026-04-10,14:05:44,-07:00,2026-04-10T14:05:44-07:00,1,12
style.css,64,css,f180448c,Yutao Lin,2026-04-10,14:05:44,-07:00,2026-04-10T14:05:44-07:00,1,30
style.css,65,css,f180448c,Yutao Lin,2026-04-10,14:05:44,-07:00,2026-04-10T14:05:44-07:00,1,7
style.css,66,css,f180448c,Yutao Lin,2026-04-10,14:05:44,-07:00,2026-04-10T14:05:44-07:00,0,0
style.css,67,css,f180448c,Yutao Lin,2026-04-10,14:05:44,-07:00,2026-04-10T14:05:44-07:00,0,0
style.css,68,css,2bf775fa,Yutao Lin,2026-04-16,01:02:22,-07:00,2026-04-16T01:02:22-07:00,0,10
style.css,69,css,f180448c,Yutao Lin,2026-04-10,14:05:44,-07:00,2026-04-10T14:05:44-07:00,1,12
style.css,70,css,f180448c,Yutao Lin,2026-04-10,14:05:44,-07:00,2026-04-10T14:05:44-07:00,1,29
style.css,71,css,f180448c,Yutao Lin,2026-04-10,14:05:44,-07:00,2026-04-10T14:05:44-07:00,1,18
style.css,72,css,f180448c,Yutao Lin,2026-04-10,14:05:44,-07:00,2026-04-10T14:05:44-07:00,0,0
style.css,73,css,f180448c,Yutao Lin,2026-04-10,14:05:44,-07:00,2026-04-10T14:05:44-07:00,0,0
style.css,74,css,bcd87726,Yutao Lin,2026-04-03,14:43:59,-07:00,2026-04-03T14:43:59-07:00,0,4
style.css,75,css,bcd87726,Yutao Lin,2026-04-03,14:43:59,-07:00,2026-04-03T14:43:59-07:00,0,8
style.css,76,css,bcd87726,Yutao Lin,2026-04-03,14:43:59,-07:00,2026-04-03T14:43:59-07:00,1,10
style.css,77,css,bcd87726,Yutao Lin,2026-04-03,14:43:59,-07:00,2026-04-03T14:43:59-07:00,1,21
style.css,78,css,bcd87726,Yutao Lin,2026-04-03,14:43:59,-07:00,2026-04-03T14:43:59-07:00,0,0
style.css,79,css,bcd87726,Yutao Lin,2026-04-03,14:43:59,-07:00,2026-04-03T14:43:59-07:00,0,0
style.css,80,css,bcd87726,Yutao Lin,2026-04-03,14:43:59,-07:00,2026-04-03T14:43:59-07:00,0,8
style.css,81,css,bcd87726,Yutao Lin,2026-04-03,14:43:59,-07:00,2026-04-03T14:43:59-07:00,1,14
style.css,82,css,bcd87726,Yutao Lin,2026-04-03,14:43:59,-07:00,2026-04-03T14:43:59-07:00,0,0
style.css,83,css,bcd87726,Yutao Lin,2026-04-03,14:43:59,-07:00,2026-04-03T14:43:59-07:00,0,0
style.css,84,css,f180448c,Yutao Lin,2026-04-10,14:05:44,-07:00,2026-04-10T14:05:44-07:00,0,6
style.css,85,css,f180448c,Yutao Lin,2026-04-10,14:05:44,-07:00,2026-04-10T14:05:44-07:00,1,18
style.css,86,css,f180448c,Yutao Lin,2026-04-10,14:05:44,-07:00,2026-04-10T14:05:44-07:00,0,0
style.css,87,css,f180448c,Yutao Lin,2026-04-10,14:05:44,-07:00,2026-04-10T14:05:44-07:00,0,0
style.css,88,css,bcd87726,Yutao Lin,2026-04-03,14:43:59,-07:00,2026-04-03T14:43:59-07:00,0,7
style.css,89,css,bcd87726,Yutao Lin,2026-04-03,14:43:59,-07:00,2026-04-03T14:43:59-07:00,1,13
style.css,90,css,bcd87726,Yutao Lin,2026-04-03,14:43:59,-07:00,2026-04-03T14:43:59-07:00,0,0
style.css,91,css,bcd87726,Yutao Lin,2026-04-03,14:43:59,-07:00,2026-04-03T14:43:59-07:00,0,0
style.css,92,css,bcd87726,Yutao Lin,2026-04-03,14:43:59,-07:00,2026-04-03T14:43:59-07:00,0,7
style.css,93,css,bcd87726,Yutao Lin,2026-04-03,14:43:59,-07:00,2026-04-03T14:43:59-07:00,1,13
style.css,94,css,b1650fcd,Yutao Lin,2026-04-10,14:13:09,-07:00,2026-04-10T14:13:09-07:00,0,0
style.css,95,css,b1650fcd,Yutao Lin,2026-04-10,14:13:09,-07:00,2026-04-10T14:13:09-07:00,0,0
style.css,96,css,b1650fcd,Yutao Lin,2026-04-10,14:13:09,-07:00,2026-04-10T14:13:09-07:00,0,9
style.css,97,css,b1650fcd,Yutao Lin,2026-04-10,14:13:09,-07:00,2026-04-10T14:13:09-07:00,1,12
style.css,98,css,b1650fcd,Yutao Lin,2026-04-10,14:13:09,-07:00,2026-04-10T14:13:09-07:00,1,58
style.css,99,css,b1650fcd,Yutao Lin,2026-04-10,14:13:09,-07:00,2026-04-10T14:13:09-07:00,1,7
style.css,100,css,b1650fcd,Yutao Lin,2026-04-10,14:13:09,-07:00,2026-04-10T14:13:09-07:00,0,0
style.css,101,css,b1650fcd,Yutao Lin,2026-04-10,14:13:09,-07:00,2026-04-10T14:13:09-07:00,0,0
style.css,102,css,b1650fcd,Yutao Lin,2026-04-10,14:13:09,-07:00,2026-04-10T14:13:09-07:00,0,17
style.css,103,css,b1650fcd,Yutao Lin,2026-04-10,14:13:09,-07:00,2026-04-10T14:13:09-07:00,1,12
style.css,104,css,b1650fcd,Yutao Lin,2026-04-10,14:13:09,-07:00,2026-04-10T14:13:09-07:00,1,26
style.css,105,css,b1650fcd,Yutao Lin,2026-04-10,14:13:09,-07:00,2026-04-10T14:13:09-07:00,1,15
style.css,106,css,b1650fcd,Yutao Lin,2026-04-10,14:13:09,-07:00,2026-04-10T14:13:09-07:00,0,0
style.css,107,css,b1650fcd,Yutao Lin,2026-04-10,14:13:09,-07:00,2026-04-10T14:13:09-07:00,0,0
style.css,108,css,b1650fcd,Yutao Lin,2026-04-10,14:13:09,-07:00,2026-04-10T14:13:09-07:00,0,12
style.css,109,css,b1650fcd,Yutao Lin,2026-04-10,14:13:09,-07:00,2026-04-10T14:13:09-07:00,1,8
style.css,110,css,b1650fcd,Yutao Lin,2026-04-10,14:13:09,-07:00,2026-04-10T14:13:09-07:00,0,0
style.css,111,css,b1650fcd,Yutao Lin,2026-04-10,14:13:09,-07:00,2026-04-10T14:13:09-07:00,0,0
style.css,112,css,b1650fcd,Yutao Lin,2026-04-10,14:13:09,-07:00,2026-04-10T14:13:09-07:00,0,2
style.css,113,css,b1650fcd,Yutao Lin,2026-04-10,14:13:09,-07:00,2026-04-10T14:13:09-07:00,1,14
style.css,114,css,b1650fcd,Yutao Lin,2026-04-10,14:13:09,-07:00,2026-04-10T14:13:09-07:00,0,0
style.css,115,css,b1650fcd,Yutao Lin,2026-04-10,14:13:09,-07:00,2026-04-10T14:13:09-07:00,0,0
style.css,116,css,b1650fcd,Yutao Lin,2026-04-10,14:13:09,-07:00,2026-04-10T14:13:09-07:00,0,22
style.css,117,css,b1650fcd,Yutao Lin,2026-04-10,14:13:09,-07:00,2026-04-10T14:13:09-07:00,1,15
style.css,118,css,b1650fcd,Yutao Lin,2026-04-10,14:13:09,-07:00,2026-04-10T14:13:09-07:00,1,17
style.css,119,css,66288dfe,Yutao Lin,2026-04-10,14:16:50,-07:00,2026-04-10T14:16:50-07:00,0,0
style.css,120,css,66288dfe,Yutao Lin,2026-04-10,14:16:50,-07:00,2026-04-10T14:16:50-07:00,0,0
style.css,121,css,66288dfe,Yutao Lin,2026-04-10,14:16:50,-07:00,2026-04-10T14:16:50-07:00,0,16
style.css,122,css,66288dfe,Yutao Lin,2026-04-10,14:16:50,-07:00,2026-04-10T14:16:50-07:00,1,41
style.css,123,css,66288dfe,Yutao Lin,2026-04-10,14:16:50,-07:00,2026-04-10T14:16:50-07:00,1,18
style.css,124,css,66288dfe,Yutao Lin,2026-04-10,14:16:50,-07:00,2026-04-10T14:16:50-07:00,0,0
style.css,125,css,66288dfe,Yutao Lin,2026-04-10,14:16:50,-07:00,2026-04-10T14:16:50-07:00,0,0
style.css,126,css,66288dfe,Yutao Lin,2026-04-10,14:16:50,-07:00,2026-04-10T14:16:50-07:00,0,10
style.css,127,css,66288dfe,Yutao Lin,2026-04-10,14:16:50,-07:00,2026-04-10T14:16:50-07:00,1,20
style.css,128,css,66288dfe,Yutao Lin,2026-04-10,14:16:50,-07:00,2026-04-10T14:16:50-07:00,0,0
style.css,129,css,66288dfe,Yutao Lin,2026-04-10,14:16:50,-07:00,2026-04-10T14:16:50-07:00,0,0
style.css,130,css,66288dfe,Yutao Lin,2026-04-10,14:16:50,-07:00,2026-04-10T14:16:50-07:00,0,10
style.css,131,css,66288dfe,Yutao Lin,2026-04-10,14:16:50,-07:00,2026-04-10T14:16:50-07:00,1,20
style.css,132,css,66288dfe,Yutao Lin,2026-04-10,14:16:50,-07:00,2026-04-10T14:16:50-07:00,0,0
style.css,133,css,66288dfe,Yutao Lin,2026-04-10,14:16:50,-07:00,2026-04-10T14:16:50-07:00,0,0
style.css,134,css,66288dfe,Yutao Lin,2026-04-10,14:16:50,-07:00,2026-04-10T14:16:50-07:00,0,4
style.css,135,css,66288dfe,Yutao Lin,2026-04-10,14:16:50,-07:00,2026-04-10T14:16:50-07:00,1,13
style.css,136,css,66288dfe,Yutao Lin,2026-04-10,14:16:50,-07:00,2026-04-10T14:16:50-07:00,1,17
style.css,137,css,66288dfe,Yutao Lin,2026-04-10,14:16:50,-07:00,2026-04-10T14:16:50-07:00,0,0
style.css,138,css,66288dfe,Yutao Lin,2026-04-10,14:16:50,-07:00,2026-04-10T14:16:50-07:00,0,0
style.css,139,css,66288dfe,Yutao Lin,2026-04-10,14:16:50,-07:00,2026-04-10T14:16:50-07:00,0,2
style.css,140,css,66288dfe,Yutao Lin,2026-04-10,14:16:50,-07:00,2026-04-10T14:16:50-07:00,1,19
style.css,141,css,34c5d6a8,Yutao Lin,2026-04-20,19:56:58,-07:00,2026-04-20T19:56:58-07:00,0,0
style.css,142,css,34c5d6a8,Yutao Lin,2026-04-20,19:56:58,-07:00,2026-04-20T19:56:58-07:00,0,0
style.css,143,css,34c5d6a8,Yutao Lin,2026-04-20,19:56:58,-07:00,2026-04-20T19:56:58-07:00,0,14
style.css,144,css,34c5d6a8,Yutao Lin,2026-04-20,19:56:58,-07:00,2026-04-20T19:56:58-07:00,1,13
style.css,145,css,34c5d6a8,Yutao Lin,2026-04-20,19:56:58,-07:00,2026-04-20T19:56:58-07:00,0,0
style.css,146,css,34c5d6a8,Yutao Lin,2026-04-20,19:56:58,-07:00,2026-04-20T19:56:58-07:00,0,0
style.css,147,css,34c5d6a8,Yutao Lin,2026-04-20,19:56:58,-07:00,2026-04-20T19:56:58-07:00,0,13
style.css,148,css,34c5d6a8,Yutao Lin,2026-04-20,19:56:58,-07:00,2026-04-20T19:56:58-07:00,1,12
style.css,149,css,34c5d6a8,Yutao Lin,2026-04-20,19:56:58,-07:00,2026-04-20T19:56:58-07:00,1,36
style.css,150,css,34c5d6a8,Yutao Lin,2026-04-20,19:56:58,-07:00,2026-04-20T19:56:58-07:00,1,15
style.css,151,css,34c5d6a8,Yutao Lin,2026-04-20,19:56:58,-07:00,2026-04-20T19:56:58-07:00,1,8
style.css,152,css,34c5d6a8,Yutao Lin,2026-04-20,19:56:58,-07:00,2026-04-20T19:56:58-07:00,0,0
style.css,153,css,34c5d6a8,Yutao Lin,2026-04-20,19:56:58,-07:00,2026-04-20T19:56:58-07:00,0,0
style.css,154,css,34c5d6a8,Yutao Lin,2026-04-20,19:56:58,-07:00,2026-04-20T19:56:58-07:00,0,16
style.css,155,css,34c5d6a8,Yutao Lin,2026-04-20,19:56:58,-07:00,2026-04-20T19:56:58-07:00,1,10
style.css,156,css,34c5d6a8,Yutao Lin,2026-04-20,19:56:58,-07:00,2026-04-20T19:56:58-07:00,1,8
style.css,157,css,34c5d6a8,Yutao Lin,2026-04-20,19:56:58,-07:00,2026-04-20T19:56:58-07:00,1,24
style.css,158,css,34c5d6a8,Yutao Lin,2026-04-20,19:56:58,-07:00,2026-04-20T19:56:58-07:00,1,16
style.css,159,css,34c5d6a8,Yutao Lin,2026-04-20,19:56:58,-07:00,2026-04-20T19:56:58-07:00,1,13
style.css,160,css,34c5d6a8,Yutao Lin,2026-04-20,19:56:58,-07:00,2026-04-20T19:56:58-07:00,1,15
style.css,161,css,34c5d6a8,Yutao Lin,2026-04-20,19:56:58,-07:00,2026-04-20T19:56:58-07:00,0,0
style.css,162,css,34c5d6a8,Yutao Lin,2026-04-20,19:56:58,-07:00,2026-04-20T19:56:58-07:00,0,0
style.css,163,css,34c5d6a8,Yutao Lin,2026-04-20,19:56:58,-07:00,2026-04-20T19:56:58-07:00,0,16
style.css,164,css,34c5d6a8,Yutao Lin,2026-04-20,19:56:58,-07:00,2026-04-20T19:56:58-07:00,1,10
style.css,165,css,34c5d6a8,Yutao Lin,2026-04-20,19:56:58,-07:00,2026-04-20T19:56:58-07:00,1,8
style.css,166,css,34c5d6a8,Yutao Lin,2026-04-20,19:56:58,-07:00,2026-04-20T19:56:58-07:00,1,14
style.css,167,css,4e8c073e,Yutao Lin,2026-04-29,14:39:45,-07:00,2026-04-29T14:39:45-07:00,0,0
style.css,168,css,4e8c073e,Yutao Lin,2026-04-29,14:39:45,-07:00,2026-04-29T14:39:45-07:00,0,0
style.css,169,css,4e8c073e,Yutao Lin,2026-04-29,14:39:45,-07:00,2026-04-29T14:39:45-07:00,0,18
style.css,170,css,4e8c073e,Yutao Lin,2026-04-29,14:39:45,-07:00,2026-04-29T14:39:45-07:00,1,14
style.css,171,css,4e8c073e,Yutao Lin,2026-04-29,14:39:45,-07:00,2026-04-29T14:39:45-07:00,1,16
style.css,172,css,4e8c073e,Yutao Lin,2026-04-29,14:39:45,-07:00,2026-04-29T14:39:45-07:00,1,16
style.css,173,css,a2fac410,Yutao Lin,2026-04-29,14:43:32,-07:00,2026-04-29T14:43:32-07:00,0,0
style.css,174,css,a2fac410,Yutao Lin,2026-04-29,14:43:32,-07:00,2026-04-29T14:43:32-07:00,0,0
style.css,175,css,a2fac410,Yutao Lin,2026-04-29,14:43:32,-07:00,2026-04-29T14:43:32-07:00,0,16
style.css,176,css,a2fac410,Yutao Lin,2026-04-29,14:43:32,-07:00,2026-04-29T14:43:32-07:00,1,12
style.css,177,css,a2fac410,Yutao Lin,2026-04-29,14:43:32,-07:00,2026-04-29T14:43:32-07:00,1,18
style.css,178,css,a2fac410,Yutao Lin,2026-04-29,14:43:32,-07:00,2026-04-29T14:43:32-07:00,1,7
style.css,179,css,a2fac410,Yutao Lin,2026-04-29,14:43:32,-07:00,2026-04-29T14:43:32-07:00,1,16
style.css,180,css,a2fac410,Yutao Lin,2026-04-29,14:43:32,-07:00,2026-04-29T14:43:32-07:00,0,0
style.css,181,css,a2fac410,Yutao Lin,2026-04-29,14:43:32,-07:00,2026-04-29T14:43:32-07:00,0,0
style.css,182,css,a2fac410,Yutao Lin,2026-04-29,14:43:32,-07:00,2026-04-29T14:43:32-07:00,0,18
style.css,183,css,a2fac410,Yutao Lin,2026-04-29,14:43:32,-07:00,2026-04-29T14:43:32-07:00,1,14
style.css,184,css,a2fac410,Yutao Lin,2026-04-29,14:43:32,-07:00,2026-04-29T14:43:32-07:00,1,16
style.css,185,css,a2fac410,Yutao Lin,2026-04-29,14:43:32,-07:00,2026-04-29T14:43:32-07:00,0,0
style.css,186,css,a2fac410,Yutao Lin,2026-04-29,14:43:32,-07:00,2026-04-29T14:43:32-07:00,0,0
style.css,187,css,a2fac410,Yutao Lin,2026-04-29,14:43:32,-07:00,2026-04-29T14:43:32-07:00,0,7
style.css,188,css,a2fac410,Yutao Lin,2026-04-29,14:43:32,-07:00,2026-04-29T14:43:32-07:00,1,6
style.css,189,css,a2fac410,Yutao Lin,2026-04-29,14:43:32,-07:00,2026-04-29T14:43:32-07:00,1,12
style.css,190,css,a2fac410,Yutao Lin,2026-04-29,14:43:32,-07:00,2026-04-29T14:43:32-07:00,1,57
style.css,191,css,a2fac410,Yutao Lin,2026-04-29,14:43:32,-07:00,2026-04-29T14:43:32-07:00,1,17
style.css,192,css,a2fac410,Yutao Lin,2026-04-29,14:43:32,-07:00,2026-04-29T14:43:32-07:00,1,34
style.css,193,css,a2fac410,Yutao Lin,2026-04-29,14:43:32,-07:00,2026-04-29T14:43:32-07:00,1,11
style.css,194,css,a2fac410,Yutao Lin,2026-04-29,14:43:32,-07:00,2026-04-29T14:43:32-07:00,1,8
style.css,195,css,a2fac410,Yutao Lin,2026-04-29,14:43:32,-07:00,2026-04-29T14:43:32-07:00,1,15
style.css,196,css,a2fac410,Yutao Lin,2026-04-29,14:43:32,-07:00,2026-04-29T14:43:32-07:00,0,0
style.css,197,css,a2fac410,Yutao Lin,2026-04-29,14:43:32,-07:00,2026-04-29T14:43:32-07:00,0,0
style.css,198,css,a2fac410,Yutao Lin,2026-04-29,14:43:32,-07:00,2026-04-29T14:43:32-07:00,0,12
style.css,199,css,a2fac410,Yutao Lin,2026-04-29,14:43:32,-07:00,2026-04-29T14:43:32-07:00,1,12
style.css,200,css,a2fac410,Yutao Lin,2026-04-29,14:43:32,-07:00,2026-04-29T14:43:32-07:00,1,18
style.css,201,css,a2fac410,Yutao Lin,2026-04-29,14:43:32,-07:00,2026-04-29T14:43:32-07:00,1,9
style.css,202,css,a2fac410,Yutao Lin,2026-04-29,14:43:32,-07:00,2026-04-29T14:43:32-07:00,0,0
style.css,203,css,a2fac410,Yutao Lin,2026-04-29,14:43:32,-07:00,2026-04-29T14:43:32-07:00,0,0
style.css,204,css,a2fac410,Yutao Lin,2026-04-29,14:43:32,-07:00,2026-04-29T14:43:32-07:00,0,7
style.css,205,css,a2fac410,Yutao Lin,2026-04-29,14:43:32,-07:00,2026-04-29T14:43:32-07:00,1,20
style.css,206,css,a2fac410,Yutao Lin,2026-04-29,14:43:32,-07:00,2026-04-29T14:43:32-07:00,1,9
style.css,207,css,a2fac410,Yutao Lin,2026-04-29,14:43:32,-07:00,2026-04-29T14:43:32-07:00,1,18
style.css,208,css,a2fac410,Yutao Lin,2026-04-29,14:43:32,-07:00,2026-04-29T14:43:32-07:00,1,29
style.css,209,css,a2fac410,Yutao Lin,2026-04-29,14:43:32,-07:00,2026-04-29T14:43:32-07:00,1,17
style.css,210,css,d09622ec,Yutao Lin,2026-04-29,14:50:25,-07:00,2026-04-29T14:50:25-07:00,0,0
style.css,211,css,491d983d,Yutao Lin,2026-04-29,16:05:43,-07:00,2026-04-29T16:05:43-07:00,0,0
style.css,212,css,491d983d,Yutao Lin,2026-04-29,16:05:43,-07:00,2026-04-29T16:05:43-07:00,0,10
style.css,213,css,491d983d,Yutao Lin,2026-04-29,16:05:43,-07:00,2026-04-29T16:05:43-07:00,1,13
style.css,214,css,491d983d,Yutao Lin,2026-04-29,16:05:43,-07:00,2026-04-29T16:05:43-07:00,1,10
style.css,215,css,491d983d,Yutao Lin,2026-04-29,16:05:43,-07:00,2026-04-29T16:05:43-07:00,1,21
style.css,216,css,491d983d,Yutao Lin,2026-04-29,16:05:43,-07:00,2026-04-29T16:05:43-07:00,1,18
style.css,217,css,491d983d,Yutao Lin,2026-04-29,16:05:43,-07:00,2026-04-29T16:05:43-07:00,1,18
style.css,218,css,491d983d,Yutao Lin,2026-04-29,16:05:43,-07:00,2026-04-29T16:05:43-07:00,1,34
style.css,219,css,491d983d,Yutao Lin,2026-04-29,16:05:43,-07:00,2026-04-29T16:05:43-07:00,1,19
style.css,220,css,8f7c2030,Yutao Lin,2026-04-29,16:11:03,-07:00,2026-04-29T16:11:03-07:00,0,0
style.css,221,css,8f7c2030,Yutao Lin,2026-04-29,16:11:03,-07:00,2026-04-29T16:11:03-07:00,0,0
style.css,222,css,8f7c2030,Yutao Lin,2026-04-29,16:11:03,-07:00,2026-04-29T16:11:03-07:00,0,23
style.css,223,css,8f7c2030,Yutao Lin,2026-04-29,16:11:03,-07:00,2026-04-29T16:11:03-07:00,1,14
style.css,224,css,8f7c2030,Yutao Lin,2026-04-29,16:11:03,-07:00,2026-04-29T16:11:03-07:00,1,16
style.css,225,css,8f7c2030,Yutao Lin,2026-04-29,16:11:03,-07:00,2026-04-29T16:11:03-07:00,0,0
style.css,226,css,8f7c2030,Yutao Lin,2026-04-29,16:11:03,-07:00,2026-04-29T16:11:03-07:00,0,0
style.css,227,css,8f7c2030,Yutao Lin,2026-04-29,16:11:03,-07:00,2026-04-29T16:11:03-07:00,0,51
style.css,228,css,8f7c2030,Yutao Lin,2026-04-29,16:11:03,-07:00,2026-04-29T16:11:03-07:00,1,11
style.css,229,css,8f7c2030,Yutao Lin,2026-04-29,16:11:03,-07:00,2026-04-29T16:11:03-07:00,0,0
style.css,230,css,8f7c2030,Yutao Lin,2026-04-29,16:11:03,-07:00,2026-04-29T16:11:03-07:00,0,0
style.css,231,css,5c70df2f,Yutao Lin,2026-04-29,16:21:55,-07:00,2026-04-29T16:21:55-07:00,0,12
style.css,232,css,5c70df2f,Yutao Lin,2026-04-29,16:21:55,-07:00,2026-04-29T16:21:55-07:00,1,14
style.css,233,css,5c70df2f,Yutao Lin,2026-04-29,16:21:55,-07:00,2026-04-29T16:21:55-07:00,0,0
style.css,234,css,5c70df2f,Yutao Lin,2026-04-29,16:21:55,-07:00,2026-04-29T16:21:55-07:00,0,0
style.css,235,css,8f7c2030,Yutao Lin,2026-04-29,16:11:03,-07:00,2026-04-29T16:11:03-07:00,0,9
style.css,236,css,8f7c2030,Yutao Lin,2026-04-29,16:11:03,-07:00,2026-04-29T16:11:03-07:00,1,35
style.css,237,css,8f7c2030,Yutao Lin,2026-04-29,16:11:03,-07:00,2026-04-29T16:11:03-07:00,0,0
style.css,238,css,8f7c2030,Yutao Lin,2026-04-29,16:11:03,-07:00,2026-04-29T16:11:03-07:00,0,0
style.css,239,css,8f7c2030,Yutao Lin,2026-04-29,16:11:03,-07:00,2026-04-29T16:11:03-07:00,0,18
style.css,240,css,8f7c2030,Yutao Lin,2026-04-29,16:11:03,-07:00,2026-04-29T16:11:03-07:00,1,17
style.css,241,css,491d983d,Yutao Lin,2026-04-29,16:05:43,-07:00,2026-04-29T16:05:43-07:00,0,0
index.js,1,js,6a10653c,Yutao Lin,2026-04-20,19:43:23,-07:00,2026-04-20T19:43:23-07:00,0,71
index.js,2,js,d35f9485,Yutao Lin,2026-04-20,19:36:01,-07:00,2026-04-20T19:36:01-07:00,0,0
index.js,3,js,d35f9485,Yutao Lin,2026-04-20,19:36:01,-07:00,2026-04-20T19:36:01-07:00,0,54
index.js,4,js,d35f9485,Yutao Lin,2026-04-20,19:36:01,-07:00,2026-04-20T19:36:01-07:00,0,42
index.js,5,js,d35f9485,Yutao Lin,2026-04-20,19:36:01,-07:00,2026-04-20T19:36:01-07:00,0,60
index.js,6,js,d35f9485,Yutao Lin,2026-04-20,19:36:01,-07:00,2026-04-20T19:36:01-07:00,0,0
index.js,7,js,d35f9485,Yutao Lin,2026-04-20,19:36:01,-07:00,2026-04-20T19:36:01-07:00,0,40
index.js,8,js,d35f9485,Yutao Lin,2026-04-20,19:36:01,-07:00,2026-04-20T19:36:01-07:00,1,54
index.js,9,js,6a10653c,Yutao Lin,2026-04-20,19:43:23,-07:00,2026-04-20T19:43:23-07:00,0,0
index.js,10,js,6a10653c,Yutao Lin,2026-04-20,19:43:23,-07:00,2026-04-20T19:43:23-07:00,0,0
index.js,11,js,6a10653c,Yutao Lin,2026-04-20,19:43:23,-07:00,2026-04-20T19:43:23-07:00,0,54
index.js,12,js,6a10653c,Yutao Lin,2026-04-20,19:43:23,-07:00,2026-04-20T19:43:23-07:00,0,60
index.js,13,js,6a10653c,Yutao Lin,2026-04-20,19:43:23,-07:00,2026-04-20T19:43:23-07:00,0,0
index.js,14,js,6a10653c,Yutao Lin,2026-04-20,19:43:23,-07:00,2026-04-20T19:43:23-07:00,0,31
index.js,15,js,6a10653c,Yutao Lin,2026-04-20,19:43:23,-07:00,2026-04-20T19:43:23-07:00,1,24
index.js,16,js,34c5d6a8,Yutao Lin,2026-04-20,19:56:58,-07:00,2026-04-20T19:56:58-07:00,2,23
index.js,17,js,6a10653c,Yutao Lin,2026-04-20,19:43:23,-07:00,2026-04-20T19:43:23-07:00,3,16
index.js,18,js,6a10653c,Yutao Lin,2026-04-20,19:43:23,-07:00,2026-04-20T19:43:23-07:00,3,30
index.js,19,js,6a10653c,Yutao Lin,2026-04-20,19:43:23,-07:00,2026-04-20T19:43:23-07:00,0,0
index.js,20,js,6a10653c,Yutao Lin,2026-04-20,19:43:23,-07:00,2026-04-20T19:43:23-07:00,3,16
index.js,21,js,6a10653c,Yutao Lin,2026-04-20,19:43:23,-07:00,2026-04-20T19:43:23-07:00,3,30
index.js,22,js,6a10653c,Yutao Lin,2026-04-20,19:43:23,-07:00,2026-04-20T19:43:23-07:00,0,0
index.js,23,js,34c5d6a8,Yutao Lin,2026-04-20,19:56:58,-07:00,2026-04-20T19:56:58-07:00,3,19
index.js,24,js,34c5d6a8,Yutao Lin,2026-04-20,19:56:58,-07:00,2026-04-20T19:56:58-07:00,3,33
index.js,25,js,34c5d6a8,Yutao Lin,2026-04-20,19:56:58,-07:00,2026-04-20T19:56:58-07:00,0,0
index.js,26,js,6a10653c,Yutao Lin,2026-04-20,19:43:23,-07:00,2026-04-20T19:43:23-07:00,3,19
index.js,27,js,6a10653c,Yutao Lin,2026-04-20,19:43:23,-07:00,2026-04-20T19:43:23-07:00,3,33
index.js,28,js,6a10653c,Yutao Lin,2026-04-20,19:43:23,-07:00,2026-04-20T19:43:23-07:00,2,3
index.js,29,js,6a10653c,Yutao Lin,2026-04-20,19:43:23,-07:00,2026-04-20T19:43:23-07:00,1,0
index.js,30,js,d35f9485,Yutao Lin,2026-04-20,19:36:01,-07:00,2026-04-20T19:36:01-07:00,0,0
index.html,1,html,e74ce52d,Yutao Lin,2026-04-02,02:57:52,-07:00,2026-04-02T02:57:52-07:00,0,13
index.html,2,html,e74ce52d,Yutao Lin,2026-04-02,02:57:52,-07:00,2026-04-02T02:57:52-07:00,0,14
index.html,3,html,e74ce52d,Yutao Lin,2026-04-02,02:57:52,-07:00,2026-04-02T02:57:52-07:00,0,4
index.html,4,html,d35f9485,Yutao Lin,2026-04-20,19:36:01,-07:00,2026-04-20T19:36:01-07:00,1,20
index.html,5,html,d35f9485,Yutao Lin,2026-04-20,19:36:01,-07:00,2026-04-20T19:36:01-07:00,1,68
index.html,6,html,d35f9485,Yutao Lin,2026-04-20,19:36:01,-07:00,2026-04-20T19:36:01-07:00,1,51
index.html,7,html,d35f9485,Yutao Lin,2026-04-20,19:36:01,-07:00,2026-04-20T19:36:01-07:00,1,38
index.html,8,html,d35f9485,Yutao Lin,2026-04-20,19:36:01,-07:00,2026-04-20T19:36:01-07:00,1,45
index.html,9,html,d35f9485,Yutao Lin,2026-04-20,19:36:01,-07:00,2026-04-20T19:36:01-07:00,1,44
index.html,10,html,e74ce52d,Yutao Lin,2026-04-02,02:57:52,-07:00,2026-04-02T02:57:52-07:00,0,5
index.html,11,html,e74ce52d,Yutao Lin,2026-04-02,02:57:52,-07:00,2026-04-02T02:57:52-07:00,0,4
index.html,12,html,d35f9485,Yutao Lin,2026-04-20,19:36:01,-07:00,2026-04-20T19:36:01-07:00,1,16
index.html,13,html,d35f9485,Yutao Lin,2026-04-20,19:36:01,-07:00,2026-04-20T19:36:01-07:00,1,47
index.html,14,html,877cb7fb,Yutao Lin,2026-04-02,21:47:28,-07:00,2026-04-02T21:47:28-07:00,0,0
index.html,15,html,d35f9485,Yutao Lin,2026-04-20,19:36:01,-07:00,2026-04-20T19:36:01-07:00,1,91
index.html,16,html,d35f9485,Yutao Lin,2026-04-20,19:36:01,-07:00,2026-04-20T19:36:01-07:00,0,0
index.html,17,html,34c5d6a8,Yutao Lin,2026-04-20,19:56:58,-07:00,2026-04-20T19:56:58-07:00,1,22
index.html,18,html,6a10653c,Yutao Lin,2026-04-20,19:43:23,-07:00,2026-04-20T19:43:23-07:00,1,28
index.html,19,html,6a10653c,Yutao Lin,2026-04-20,19:43:23,-07:00,2026-04-20T19:43:23-07:00,0,0
index.html,20,html,d35f9485,Yutao Lin,2026-04-20,19:36:01,-07:00,2026-04-20T19:36:01-07:00,1,22
index.html,21,html,d35f9485,Yutao Lin,2026-04-20,19:36:01,-07:00,2026-04-20T19:36:01-07:00,1,26
index.html,22,html,e74ce52d,Yutao Lin,2026-04-02,02:57:52,-07:00,2026-04-02T02:57:52-07:00,0,5
index.html,23,html,e74ce52d,Yutao Lin,2026-04-02,02:57:52,-07:00,2026-04-02T02:57:52-07:00,0,5
global.js,1,js,44947d35,Yutao Lin,2026-04-15,23:47:52,-07:00,2026-04-15T23:47:52-07:00,0,25
global.js,2,js,58c9b5eb,Yutao Lin,2026-04-15,23:33:04,-07:00,2026-04-15T23:33:04-07:00,0,0
global.js,3,js,58c9b5eb,Yutao Lin,2026-04-15,23:33:04,-07:00,2026-04-15T23:33:04-07:00,0,41
global.js,4,js,58c9b5eb,Yutao Lin,2026-04-15,23:33:04,-07:00,2026-04-15T23:33:04-07:00,1,52
global.js,5,js,9144e203,Yutao Lin,2026-04-15,23:35:34,-07:00,2026-04-15T23:35:34-07:00,0,0
global.js,6,js,44947d35,Yutao Lin,2026-04-15,23:47:52,-07:00,2026-04-15T23:47:52-07:00,0,0
global.js,7,js,57096ec6,Yutao Lin,2026-04-16,00:55:50,-07:00,2026-04-16T00:55:50-07:00,0,31
global.js,8,js,6dbcc6c4,Yutao Lin,2026-04-16,01:22:19,-07:00,2026-04-16T01:22:19-07:00,1,11
global.js,9,js,57096ec6,Yutao Lin,2026-04-16,00:55:50,-07:00,2026-04-16T00:55:50-07:00,1,0
global.js,10,js,57096ec6,Yutao Lin,2026-04-16,00:55:50,-07:00,2026-04-16T00:55:50-07:00,2,26
global.js,11,js,57096ec6,Yutao Lin,2026-04-16,00:55:50,-07:00,2026-04-16T00:55:50-07:00,3,4
global.js,12,js,57096ec6,Yutao Lin,2026-04-16,00:55:50,-07:00,2026-04-16T00:55:50-07:00,3,6
global.js,13,js,57096ec6,Yutao Lin,2026-04-16,00:55:50,-07:00,2026-04-16T00:55:50-07:00,4,38
global.js,14,js,57096ec6,Yutao Lin,2026-04-16,00:55:50,-07:00,2026-04-16T00:55:50-07:00,4,34
global.js,15,js,57096ec6,Yutao Lin,2026-04-16,00:55:50,-07:00,2026-04-16T00:55:50-07:00,4,32
global.js,16,js,57096ec6,Yutao Lin,2026-04-16,00:55:50,-07:00,2026-04-16T00:55:50-07:00,3,7
global.js,17,js,57096ec6,Yutao Lin,2026-04-16,00:55:50,-07:00,2026-04-16T00:55:50-07:00,2,6
global.js,18,js,57096ec6,Yutao Lin,2026-04-16,00:55:50,-07:00,2026-04-16T00:55:50-07:00,1,0
global.js,19,js,57096ec6,Yutao Lin,2026-04-16,00:55:50,-07:00,2026-04-16T00:55:50-07:00,0,0
global.js,20,js,57096ec6,Yutao Lin,2026-04-16,00:55:50,-07:00,2026-04-16T00:55:50-07:00,0,0
global.js,21,js,6dbcc6c4,Yutao Lin,2026-04-16,01:22:19,-07:00,2026-04-16T01:22:19-07:00,0,58
global.js,22,js,0f4d7bb8,Yutao Lin,2026-04-16,01:10:15,-07:00,2026-04-16T01:10:15-07:00,0,0
global.js,23,js,3bb1914d,Yutao Lin,2026-04-16,01:25:45,-07:00,2026-04-16T01:25:45-07:00,0,36
global.js,24,js,36edefdc,Yutao Lin,2026-04-16,01:30:56,-07:00,2026-04-16T01:30:56-07:00,1,55
global.js,25,js,3bb1914d,Yutao Lin,2026-04-16,01:25:45,-07:00,2026-04-16T01:25:45-07:00,1,25
global.js,26,js,3bb1914d,Yutao Lin,2026-04-16,01:25:45,-07:00,2026-04-16T01:25:45-07:00,0,0
global.js,27,js,3bb1914d,Yutao Lin,2026-04-16,01:25:45,-07:00,2026-04-16T01:25:45-07:00,0,0
global.js,28,js,36edefdc,Yutao Lin,2026-04-16,01:30:56,-07:00,2026-04-16T01:30:56-07:00,0,29
global.js,29,js,3bb1914d,Yutao Lin,2026-04-16,01:25:45,-07:00,2026-04-16T01:25:45-07:00,1,39
global.js,30,js,3bb1914d,Yutao Lin,2026-04-16,01:25:45,-07:00,2026-04-16T01:25:45-07:00,0,0
global.js,31,js,3bb1914d,Yutao Lin,2026-04-16,01:25:45,-07:00,2026-04-16T01:25:45-07:00,0,0
global.js,32,js,36edefdc,Yutao Lin,2026-04-16,01:30:56,-07:00,2026-04-16T01:30:56-07:00,0,50
global.js,33,js,36edefdc,Yutao Lin,2026-04-16,01:30:56,-07:00,2026-04-16T01:30:56-07:00,1,35
global.js,34,js,36edefdc,Yutao Lin,2026-04-16,01:30:56,-07:00,2026-04-16T01:30:56-07:00,1,26
global.js,35,js,36edefdc,Yutao Lin,2026-04-16,01:30:56,-07:00,2026-04-16T01:30:56-07:00,1,37
global.js,36,js,0f4d7bb8,Yutao Lin,2026-04-16,01:10:15,-07:00,2026-04-16T01:10:15-07:00,0,1
global.js,37,js,0f4d7bb8,Yutao Lin,2026-04-16,01:10:15,-07:00,2026-04-16T01:10:15-07:00,0,0
global.js,38,js,7ac8d052,Yutao Lin,2026-04-15,23:53:01,-07:00,2026-04-15T23:53:01-07:00,0,15
global.js,39,js,7ac8d052,Yutao Lin,2026-04-15,23:53:01,-07:00,2026-04-15T23:53:01-07:00,1,68
global.js,40,js,7ac8d052,Yutao Lin,2026-04-15,23:53:01,-07:00,2026-04-15T23:53:01-07:00,2,3
global.js,41,js,7ac8d052,Yutao Lin,2026-04-15,23:53:01,-07:00,2026-04-15T23:53:01-07:00,2,14
global.js,42,js,44947d35,Yutao Lin,2026-04-15,23:47:52,-07:00,2026-04-15T23:47:52-07:00,0,0
global.js,43,js,7ac8d052,Yutao Lin,2026-04-15,23:53:01,-07:00,2026-04-15T23:53:01-07:00,0,11
global.js,44,js,7ac8d052,Yutao Lin,2026-04-15,23:53:01,-07:00,2026-04-15T23:53:01-07:00,1,25
global.js,45,js,7ac8d052,Yutao Lin,2026-04-15,23:53:01,-07:00,2026-04-15T23:53:01-07:00,1,38
global.js,46,js,7ac8d052,Yutao Lin,2026-04-15,23:53:01,-07:00,2026-04-15T23:53:01-07:00,1,36
global.js,47,js,7ac8d052,Yutao Lin,2026-04-15,23:53:01,-07:00,2026-04-15T23:53:01-07:00,1,26
global.js,48,js,7ac8d052,Yutao Lin,2026-04-15,23:53:01,-07:00,2026-04-15T23:53:01-07:00,1,56
global.js,49,js,7ac8d052,Yutao Lin,2026-04-15,23:53:01,-07:00,2026-04-15T23:53:01-07:00,0,0
global.js,50,js,44947d35,Yutao Lin,2026-04-15,23:47:52,-07:00,2026-04-15T23:47:52-07:00,0,0
global.js,51,js,7ac8d052,Yutao Lin,2026-04-15,23:53:01,-07:00,2026-04-15T23:53:01-07:00,0,38
global.js,52,js,7ac8d052,Yutao Lin,2026-04-15,23:53:01,-07:00,2026-04-15T23:53:01-07:00,0,25
global.js,53,js,7ac8d052,Yutao Lin,2026-04-15,23:53:01,-07:00,2026-04-15T23:53:01-07:00,0,0
global.js,54,js,7ac8d052,Yutao Lin,2026-04-15,23:53:01,-07:00,2026-04-15T23:53:01-07:00,0,20
global.js,55,js,7ac8d052,Yutao Lin,2026-04-15,23:53:01,-07:00,2026-04-15T23:53:01-07:00,1,14
global.js,56,js,7ac8d052,Yutao Lin,2026-04-15,23:53:01,-07:00,2026-04-15T23:53:01-07:00,0,0
global.js,57,js,7ac8d052,Yutao Lin,2026-04-15,23:53:01,-07:00,2026-04-15T23:53:01-07:00,1,28
global.js,58,js,7ac8d052,Yutao Lin,2026-04-15,23:53:01,-07:00,2026-04-15T23:53:01-07:00,2,20
global.js,59,js,7ac8d052,Yutao Lin,2026-04-15,23:53:01,-07:00,2026-04-15T23:53:01-07:00,1,0
global.js,60,js,7ac8d052,Yutao Lin,2026-04-15,23:53:01,-07:00,2026-04-15T23:53:01-07:00,0,0
global.js,61,js,5de01440,Yutao Lin,2026-04-16,00:02:35,-07:00,2026-04-16T00:02:35-07:00,1,34
global.js,62,js,5de01440,Yutao Lin,2026-04-16,00:02:35,-07:00,2026-04-16T00:02:35-07:00,1,11
global.js,63,js,5de01440,Yutao Lin,2026-04-16,00:02:35,-07:00,2026-04-16T00:02:35-07:00,1,22
global.js,64,js,5de01440,Yutao Lin,2026-04-16,00:02:35,-07:00,2026-04-16T00:02:35-07:00,0,0
global.js,65,js,5de01440,Yutao Lin,2026-04-16,00:02:35,-07:00,2026-04-16T00:02:35-07:00,1,17
global.js,66,js,6dbcc6c4,Yutao Lin,2026-04-16,01:22:19,-07:00,2026-04-16T01:22:19-07:00,2,8
global.js,67,js,6dbcc6c4,Yutao Lin,2026-04-16,01:22:19,-07:00,2026-04-16T01:22:19-07:00,2,58
global.js,68,js,6dbcc6c4,Yutao Lin,2026-04-16,01:22:19,-07:00,2026-04-16T01:22:19-07:00,1,0
global.js,69,js,5de01440,Yutao Lin,2026-04-16,00:02:35,-07:00,2026-04-16T00:02:35-07:00,0,0
global.js,70,js,5de01440,Yutao Lin,2026-04-16,00:02:35,-07:00,2026-04-16T00:02:35-07:00,1,29
global.js,71,js,5de01440,Yutao Lin,2026-04-16,00:02:35,-07:00,2026-04-16T00:02:35-07:00,2,18
global.js,72,js,5de01440,Yutao Lin,2026-04-16,00:02:35,-07:00,2026-04-16T00:02:35-07:00,1,0
global.js,73,js,5de01440,Yutao Lin,2026-04-16,00:02:35,-07:00,2026-04-16T00:02:35-07:00,0,0
global.js,74,js,5de01440,Yutao Lin,2026-04-16,00:02:35,-07:00,2026-04-16T00:02:35-07:00,1,12
global.js,75,js,25d7819e,Yutao Lin,2026-04-17,09:02:20,-07:00,2026-04-17T09:02:20-07:00,0,0
global.js,76,js,25d7819e,Yutao Lin,2026-04-17,09:02:20,-07:00,2026-04-17T09:02:20-07:00,0,0
global.js,77,js,25d7819e,Yutao Lin,2026-04-17,09:02:20,-07:00,2026-04-17T09:02:20-07:00,0,40
global.js,78,js,25d7819e,Yutao Lin,2026-04-17,09:02:20,-07:00,2026-04-17T09:02:20-07:00,0,0
global.js,79,js,25d7819e,Yutao Lin,2026-04-17,09:02:20,-07:00,2026-04-17T09:02:20-07:00,0,49
global.js,80,js,25d7819e,Yutao Lin,2026-04-17,09:02:20,-07:00,2026-04-17T09:02:20-07:00,1,21
global.js,81,js,25d7819e,Yutao Lin,2026-04-17,09:02:20,-07:00,2026-04-17T09:02:20-07:00,0,0
global.js,82,js,25d7819e,Yutao Lin,2026-04-17,09:02:20,-07:00,2026-04-17T09:02:20-07:00,1,28
global.js,83,js,25d7819e,Yutao Lin,2026-04-17,09:02:20,-07:00,2026-04-17T09:02:20-07:00,1,26
global.js,84,js,25d7819e,Yutao Lin,2026-04-17,09:02:20,-07:00,2026-04-17T09:02:20-07:00,1,14
global.js,85,js,25d7819e,Yutao Lin,2026-04-17,09:02:20,-07:00,2026-04-17T09:02:20-07:00,0,0
global.js,86,js,25d7819e,Yutao Lin,2026-04-17,09:02:20,-07:00,2026-04-17T09:02:20-07:00,1,31
global.js,87,js,25d7819e,Yutao Lin,2026-04-17,09:02:20,-07:00,2026-04-17T09:02:20-07:00,2,50
global.js,88,js,25d7819e,Yutao Lin,2026-04-17,09:02:20,-07:00,2026-04-17T09:02:20-07:00,1,0
global.js,89,js,25d7819e,Yutao Lin,2026-04-17,09:02:20,-07:00,2026-04-17T09:02:20-07:00,0,0
global.js,90,js,25d7819e,Yutao Lin,2026-04-17,09:02:20,-07:00,2026-04-17T09:02:20-07:00,1,22
global.js,91,js,25d7819e,Yutao Lin,2026-04-17,09:02:20,-07:00,2026-04-17T09:02:20-07:00,1,18
global.js,92,js,28b4502c,Yutao Lin,2026-04-20,19:16:42,-07:00,2026-04-20T19:16:42-07:00,0,1
global.js,93,js,28b4502c,Yutao Lin,2026-04-20,19:16:42,-07:00,2026-04-20T19:16:42-07:00,0,0
global.js,94,js,28b4502c,Yutao Lin,2026-04-20,19:16:42,-07:00,2026-04-20T19:16:42-07:00,0,36
global.js,95,js,28b4502c,Yutao Lin,2026-04-20,19:16:42,-07:00,2026-04-20T19:16:42-07:00,1,3
global.js,96,js,28b4502c,Yutao Lin,2026-04-20,19:16:42,-07:00,2026-04-20T19:16:42-07:00,2,32
global.js,97,js,28b4502c,Yutao Lin,2026-04-20,19:16:42,-07:00,2026-04-20T19:16:42-07:00,0,0
global.js,98,js,28b4502c,Yutao Lin,2026-04-20,19:16:42,-07:00,2026-04-20T19:16:42-07:00,2,17
global.js,99,js,28b4502c,Yutao Lin,2026-04-20,19:16:42,-07:00,2026-04-20T19:16:42-07:00,3,66
global.js,100,js,28b4502c,Yutao Lin,2026-04-20,19:16:42,-07:00,2026-04-20T19:16:42-07:00,2,0
global.js,101,js,28b4502c,Yutao Lin,2026-04-20,19:16:42,-07:00,2026-04-20T19:16:42-07:00,0,0
global.js,102,js,28b4502c,Yutao Lin,2026-04-20,19:16:42,-07:00,2026-04-20T19:16:42-07:00,2,33
global.js,103,js,28b4502c,Yutao Lin,2026-04-20,19:16:42,-07:00,2026-04-20T19:16:42-07:00,2,10
global.js,104,js,28b4502c,Yutao Lin,2026-04-20,19:16:42,-07:00,2026-04-20T19:16:42-07:00,1,15
global.js,105,js,28b4502c,Yutao Lin,2026-04-20,19:16:42,-07:00,2026-04-20T19:16:42-07:00,2,59
global.js,106,js,28b4502c,Yutao Lin,2026-04-20,19:16:42,-07:00,2026-04-20T19:16:42-07:00,1,0
global.js,107,js,28b4502c,Yutao Lin,2026-04-20,19:16:42,-07:00,2026-04-20T19:16:42-07:00,0,0
global.js,108,js,28b4502c,Yutao Lin,2026-04-20,19:16:42,-07:00,2026-04-20T19:16:42-07:00,0,0
global.js,109,js,28b4502c,Yutao Lin,2026-04-20,19:16:42,-07:00,2026-04-20T19:16:42-07:00,0,79
global.js,110,js,28b4502c,Yutao Lin,2026-04-20,19:16:42,-07:00,2026-04-20T19:16:42-07:00,1,30
global.js,111,js,28b4502c,Yutao Lin,2026-04-20,19:16:42,-07:00,2026-04-20T19:16:42-07:00,0,0
global.js,112,js,28b4502c,Yutao Lin,2026-04-20,19:16:42,-07:00,2026-04-20T19:16:42-07:00,1,29
global.js,113,js,28b4502c,Yutao Lin,2026-04-20,19:16:42,-07:00,2026-04-20T19:16:42-07:00,2,48
global.js,114,js,28b4502c,Yutao Lin,2026-04-20,19:16:42,-07:00,2026-04-20T19:16:42-07:00,0,0
global.js,115,js,28b4502c,Yutao Lin,2026-04-20,19:16:42,-07:00,2026-04-20T19:16:42-07:00,2,19
global.js,116,js,28b4502c,Yutao Lin,2026-04-20,19:16:42,-07:00,2026-04-20T19:16:42-07:00,3,49
global.js,117,js,28b4502c,Yutao Lin,2026-04-20,19:16:42,-07:00,2026-04-20T19:16:42-07:00,3,49
global.js,118,js,28b4502c,Yutao Lin,2026-04-20,19:16:42,-07:00,2026-04-20T19:16:42-07:00,3,27
global.js,119,js,28b4502c,Yutao Lin,2026-04-20,19:16:42,-07:00,2026-04-20T19:16:42-07:00,2,0
global.js,120,js,28b4502c,Yutao Lin,2026-04-20,19:16:42,-07:00,2026-04-20T19:16:42-07:00,0,0
global.js,121,js,28b4502c,Yutao Lin,2026-04-20,19:16:42,-07:00,2026-04-20T19:16:42-07:00,2,36
global.js,122,js,28b4502c,Yutao Lin,2026-04-20,19:16:42,-07:00,2026-04-20T19:16:42-07:00,1,0
global.js,123,js,6a10653c,Yutao Lin,2026-04-20,19:43:23,-07:00,2026-04-20T19:43:23-07:00,0,0
global.js,124,js,6a10653c,Yutao Lin,2026-04-20,19:43:23,-07:00,2026-04-20T19:43:23-07:00,0,0
global.js,125,js,6a10653c,Yutao Lin,2026-04-20,19:43:23,-07:00,2026-04-20T19:43:23-07:00,0,47
global.js,126,js,6a10653c,Yutao Lin,2026-04-20,19:43:23,-07:00,2026-04-20T19:43:23-07:00,1,3
global.js,127,js,6a10653c,Yutao Lin,2026-04-20,19:43:23,-07:00,2026-04-20T19:43:23-07:00,2,71
global.js,128,js,6a10653c,Yutao Lin,2026-04-20,19:43:23,-07:00,2026-04-20T19:43:23-07:00,0,0
global.js,129,js,6a10653c,Yutao Lin,2026-04-20,19:43:23,-07:00,2026-04-20T19:43:23-07:00,2,17
global.js,130,js,6a10653c,Yutao Lin,2026-04-20,19:43:23,-07:00,2026-04-20T19:43:23-07:00,3,61
global.js,131,js,6a10653c,Yutao Lin,2026-04-20,19:43:23,-07:00,2026-04-20T19:43:23-07:00,2,0
global.js,132,js,6a10653c,Yutao Lin,2026-04-20,19:43:23,-07:00,2026-04-20T19:43:23-07:00,0,0
global.js,133,js,6a10653c,Yutao Lin,2026-04-20,19:43:23,-07:00,2026-04-20T19:43:23-07:00,2,33
global.js,134,js,6a10653c,Yutao Lin,2026-04-20,19:43:23,-07:00,2026-04-20T19:43:23-07:00,2,10
global.js,135,js,6a10653c,Yutao Lin,2026-04-20,19:43:23,-07:00,2026-04-20T19:43:23-07:00,1,15
global.js,136,js,6a10653c,Yutao Lin,2026-04-20,19:43:23,-07:00,2026-04-20T19:43:23-07:00,2,50
global.js,137,js,6a10653c,Yutao Lin,2026-04-20,19:43:23,-07:00,2026-04-20T19:43:23-07:00,1,0
global.js,138,js,28b4502c,Yutao Lin,2026-04-20,19:16:42,-07:00,2026-04-20T19:16:42-07:00,0,0
projects\projects.js,1,js,4e8c073e,Yutao Lin,2026-04-29,14:39:45,-07:00,2026-04-29T14:39:45-07:00,0,63
projects\projects.js,2,js,28b4502c,Yutao Lin,2026-04-20,19:16:42,-07:00,2026-04-20T19:16:42-07:00,0,55
projects\projects.js,3,js,28b4502c,Yutao Lin,2026-04-20,19:16:42,-07:00,2026-04-20T19:16:42-07:00,0,0
projects\projects.js,4,js,28b4502c,Yutao Lin,2026-04-20,19:16:42,-07:00,2026-04-20T19:16:42-07:00,0,55
projects\projects.js,5,js,28b4502c,Yutao Lin,2026-04-20,19:16:42,-07:00,2026-04-20T19:16:42-07:00,0,60
projects\projects.js,6,js,491d983d,Yutao Lin,2026-04-29,16:05:43,-07:00,2026-04-29T16:05:43-07:00,0,55
projects\projects.js,7,js,28b4502c,Yutao Lin,2026-04-20,19:16:42,-07:00,2026-04-20T19:16:42-07:00,0,0
projects\projects.js,8,js,491d983d,Yutao Lin,2026-04-29,16:05:43,-07:00,2026-04-29T16:05:43-07:00,0,13
projects\projects.js,9,js,5c70df2f,Yutao Lin,2026-04-29,16:21:55,-07:00,2026-04-29T16:21:55-07:00,0,22
projects\projects.js,10,js,8f7c2030,Yutao Lin,2026-04-29,16:11:03,-07:00,2026-04-29T16:11:03-07:00,0,0
projects\projects.js,11,js,5c70df2f,Yutao Lin,2026-04-29,16:21:55,-07:00,2026-04-29T16:21:55-07:00,0,31
projects\projects.js,12,js,5c70df2f,Yutao Lin,2026-04-29,16:21:55,-07:00,2026-04-29T16:21:55-07:00,1,59
projects\projects.js,13,js,5c70df2f,Yutao Lin,2026-04-29,16:21:55,-07:00,2026-04-29T16:21:55-07:00,1,42
projects\projects.js,14,js,5c70df2f,Yutao Lin,2026-04-29,16:21:55,-07:00,2026-04-29T16:21:55-07:00,0,0
projects\projects.js,15,js,5c70df2f,Yutao Lin,2026-04-29,16:21:55,-07:00,2026-04-29T16:21:55-07:00,0,0
projects\projects.js,16,js,5c70df2f,Yutao Lin,2026-04-29,16:21:55,-07:00,2026-04-29T16:21:55-07:00,0,36
projects\projects.js,17,js,5c70df2f,Yutao Lin,2026-04-29,16:21:55,-07:00,2026-04-29T16:21:55-07:00,1,36
projects\projects.js,18,js,5c70df2f,Yutao Lin,2026-04-29,16:21:55,-07:00,2026-04-29T16:21:55-07:00,0,0
projects\projects.js,19,js,8f7c2030,Yutao Lin,2026-04-29,16:11:03,-07:00,2026-04-29T16:11:03-07:00,0,0
projects\projects.js,20,js,5c70df2f,Yutao Lin,2026-04-29,16:21:55,-07:00,2026-04-29T16:21:55-07:00,0,35
projects\projects.js,21,js,5c70df2f,Yutao Lin,2026-04-29,16:21:55,-07:00,2026-04-29T16:21:55-07:00,1,49
projects\projects.js,22,js,5c70df2f,Yutao Lin,2026-04-29,16:21:55,-07:00,2026-04-29T16:21:55-07:00,0,0
projects\projects.js,23,js,5c70df2f,Yutao Lin,2026-04-29,16:21:55,-07:00,2026-04-29T16:21:55-07:00,1,17
projects\projects.js,24,js,8f7c2030,Yutao Lin,2026-04-29,16:11:03,-07:00,2026-04-29T16:11:03-07:00,2,55
projects\projects.js,25,js,5c70df2f,Yutao Lin,2026-04-29,16:21:55,-07:00,2026-04-29T16:21:55-07:00,3,51
projects\projects.js,26,js,8f7c2030,Yutao Lin,2026-04-29,16:11:03,-07:00,2026-04-29T16:11:03-07:00,2,1
projects\projects.js,27,js,8f7c2030,Yutao Lin,2026-04-29,16:11:03,-07:00,2026-04-29T16:11:03-07:00,1,0
projects\projects.js,28,js,8f7c2030,Yutao Lin,2026-04-29,16:11:03,-07:00,2026-04-29T16:11:03-07:00,0,0
projects\projects.js,29,js,8f7c2030,Yutao Lin,2026-04-29,16:11:03,-07:00,2026-04-29T16:11:03-07:00,1,22
projects\projects.js,30,js,8f7c2030,Yutao Lin,2026-04-29,16:11:03,-07:00,2026-04-29T16:11:03-07:00,0,0
projects\projects.js,31,js,491d983d,Yutao Lin,2026-04-29,16:05:43,-07:00,2026-04-29T16:05:43-07:00,0,0
projects\projects.js,32,js,491d983d,Yutao Lin,2026-04-29,16:05:43,-07:00,2026-04-29T16:05:43-07:00,0,38
projects\projects.js,33,js,491d983d,Yutao Lin,2026-04-29,16:05:43,-07:00,2026-04-29T16:05:43-07:00,1,26
projects\projects.js,34,js,491d983d,Yutao Lin,2026-04-29,16:05:43,-07:00,2026-04-29T16:05:43-07:00,2,12
projects\projects.js,35,js,491d983d,Yutao Lin,2026-04-29,16:05:43,-07:00,2026-04-29T16:05:43-07:00,2,14
projects\projects.js,36,js,491d983d,Yutao Lin,2026-04-29,16:05:43,-07:00,2026-04-29T16:05:43-07:00,2,11
projects\projects.js,37,js,491d983d,Yutao Lin,2026-04-29,16:05:43,-07:00,2026-04-29T16:05:43-07:00,1,0
projects\projects.js,38,js,491d983d,Yutao Lin,2026-04-29,16:05:43,-07:00,2026-04-29T16:05:43-07:00,0,0
projects\projects.js,39,js,5c70df2f,Yutao Lin,2026-04-29,16:21:55,-07:00,2026-04-29T16:21:55-07:00,1,44
projects\projects.js,40,js,491d983d,Yutao Lin,2026-04-29,16:05:43,-07:00,2026-04-29T16:05:43-07:00,2,35
projects\projects.js,41,js,491d983d,Yutao Lin,2026-04-29,16:05:43,-07:00,2026-04-29T16:05:43-07:00,1,1
projects\projects.js,42,js,491d983d,Yutao Lin,2026-04-29,16:05:43,-07:00,2026-04-29T16:05:43-07:00,0,0
projects\projects.js,43,js,5c70df2f,Yutao Lin,2026-04-29,16:21:55,-07:00,2026-04-29T16:21:55-07:00,1,67
projects\projects.js,44,js,5c70df2f,Yutao Lin,2026-04-29,16:21:55,-07:00,2026-04-29T16:21:55-07:00,1,80
projects\projects.js,45,js,5c70df2f,Yutao Lin,2026-04-29,16:21:55,-07:00,2026-04-29T16:21:55-07:00,2,18
projects\projects.js,46,js,5c70df2f,Yutao Lin,2026-04-29,16:21:55,-07:00,2026-04-29T16:21:55-07:00,1,0
projects\projects.js,47,js,5c70df2f,Yutao Lin,2026-04-29,16:21:55,-07:00,2026-04-29T16:21:55-07:00,0,0
projects\projects.js,48,js,491d983d,Yutao Lin,2026-04-29,16:05:43,-07:00,2026-04-29T16:05:43-07:00,1,25
projects\projects.js,49,js,491d983d,Yutao Lin,2026-04-29,16:05:43,-07:00,2026-04-29T16:05:43-07:00,2,13
projects\projects.js,50,js,491d983d,Yutao Lin,2026-04-29,16:05:43,-07:00,2026-04-29T16:05:43-07:00,2,15
projects\projects.js,51,js,491d983d,Yutao Lin,2026-04-29,16:05:43,-07:00,2026-04-29T16:05:43-07:00,0,0
projects\projects.js,52,js,491d983d,Yutao Lin,2026-04-29,16:05:43,-07:00,2026-04-29T16:05:43-07:00,1,27
projects\projects.js,53,js,491d983d,Yutao Lin,2026-04-29,16:05:43,-07:00,2026-04-29T16:05:43-07:00,2,21
projects\projects.js,54,js,4e8c073e,Yutao Lin,2026-04-29,14:39:45,-07:00,2026-04-29T14:39:45-07:00,0,0
projects\projects.js,55,js,491d983d,Yutao Lin,2026-04-29,16:05:43,-07:00,2026-04-29T16:05:43-07:00,1,33
projects\projects.js,56,js,491d983d,Yutao Lin,2026-04-29,16:05:43,-07:00,2026-04-29T16:05:43-07:00,1,45
projects\projects.js,57,js,b5bebaf7,Yutao Lin,2026-04-29,15:57:27,-07:00,2026-04-29T15:57:27-07:00,0,0
projects\projects.js,58,js,491d983d,Yutao Lin,2026-04-29,16:05:43,-07:00,2026-04-29T16:05:43-07:00,1,47
projects\projects.js,59,js,4e8c073e,Yutao Lin,2026-04-29,14:39:45,-07:00,2026-04-29T14:39:45-07:00,0,0
projects\projects.js,60,js,491d983d,Yutao Lin,2026-04-29,16:05:43,-07:00,2026-04-29T16:05:43-07:00,1,40
projects\projects.js,61,js,491d983d,Yutao Lin,2026-04-29,16:05:43,-07:00,2026-04-29T16:05:43-07:00,1,29
projects\projects.js,62,js,4e8c073e,Yutao Lin,2026-04-29,14:39:45,-07:00,2026-04-29T14:39:45-07:00,0,0
projects\projects.js,63,js,491d983d,Yutao Lin,2026-04-29,16:05:43,-07:00,2026-04-29T16:05:43-07:00,1,32
projects\projects.js,64,js,491d983d,Yutao Lin,2026-04-29,16:05:43,-07:00,2026-04-29T16:05:43-07:00,1,30
projects\projects.js,65,js,a2fac410,Yutao Lin,2026-04-29,14:43:32,-07:00,2026-04-29T14:43:32-07:00,0,0
projects\projects.js,66,js,8f7c2030,Yutao Lin,2026-04-29,16:11:03,-07:00,2026-04-29T16:11:03-07:00,1,24
projects\projects.js,67,js,5c70df2f,Yutao Lin,2026-04-29,16:21:55,-07:00,2026-04-29T16:21:55-07:00,2,23
projects\projects.js,68,js,5c70df2f,Yutao Lin,2026-04-29,16:21:55,-07:00,2026-04-29T16:21:55-07:00,0,0
projects\projects.js,69,js,491d983d,Yutao Lin,2026-04-29,16:05:43,-07:00,2026-04-29T16:05:43-07:00,2,1
projects\projects.js,70,js,491d983d,Yutao Lin,2026-04-29,16:05:43,-07:00,2026-04-29T16:05:43-07:00,3,13
projects\projects.js,71,js,491d983d,Yutao Lin,2026-04-29,16:05:43,-07:00,2026-04-29T16:05:43-07:00,3,13
projects\projects.js,72,js,8f7c2030,Yutao Lin,2026-04-29,16:11:03,-07:00,2026-04-29T16:11:03-07:00,3,22
projects\projects.js,73,js,5c70df2f,Yutao Lin,2026-04-29,16:21:55,-07:00,2026-04-29T16:21:55-07:00,3,69
projects\projects.js,74,js,8f7c2030,Yutao Lin,2026-04-29,16:11:03,-07:00,2026-04-29T16:11:03-07:00,3,18
projects\projects.js,75,js,5c70df2f,Yutao Lin,2026-04-29,16:21:55,-07:00,2026-04-29T16:21:55-07:00,4,65
projects\projects.js,76,js,5c70df2f,Yutao Lin,2026-04-29,16:21:55,-07:00,2026-04-29T16:21:55-07:00,4,14
projects\projects.js,77,js,8f7c2030,Yutao Lin,2026-04-29,16:11:03,-07:00,2026-04-29T16:11:03-07:00,3,1
projects\projects.js,78,js,491d983d,Yutao Lin,2026-04-29,16:05:43,-07:00,2026-04-29T16:05:43-07:00,1,1
projects\projects.js,79,js,4e8c073e,Yutao Lin,2026-04-29,14:39:45,-07:00,2026-04-29T14:39:45-07:00,0,0
projects\projects.js,80,js,8f7c2030,Yutao Lin,2026-04-29,16:11:03,-07:00,2026-04-29T16:11:03-07:00,1,22
projects\projects.js,81,js,491d983d,Yutao Lin,2026-04-29,16:05:43,-07:00,2026-04-29T16:05:43-07:00,2,4
projects\projects.js,82,js,491d983d,Yutao Lin,2026-04-29,16:05:43,-07:00,2026-04-29T16:05:43-07:00,3,11
projects\projects.js,83,js,8f7c2030,Yutao Lin,2026-04-29,16:11:03,-07:00,2026-04-29T16:11:03-07:00,3,37
projects\projects.js,84,js,5c70df2f,Yutao Lin,2026-04-29,16:21:55,-07:00,2026-04-29T16:21:55-07:00,3,4
projects\projects.js,85,js,5c70df2f,Yutao Lin,2026-04-29,16:21:55,-07:00,2026-04-29T16:21:55-07:00,4,6
projects\projects.js,86,js,5c70df2f,Yutao Lin,2026-04-29,16:21:55,-07:00,2026-04-29T16:21:55-07:00,4,38
projects\projects.js,87,js,5c70df2f,Yutao Lin,2026-04-29,16:21:55,-07:00,2026-04-29T16:21:55-07:00,5,22
projects\projects.js,88,js,5c70df2f,Yutao Lin,2026-04-29,16:21:55,-07:00,2026-04-29T16:21:55-07:00,5,13
projects\projects.js,89,js,5c70df2f,Yutao Lin,2026-04-29,16:21:55,-07:00,2026-04-29T16:21:55-07:00,3,0
projects\projects.js,90,js,5c70df2f,Yutao Lin,2026-04-29,16:21:55,-07:00,2026-04-29T16:21:55-07:00,3,68
projects\projects.js,91,js,5c70df2f,Yutao Lin,2026-04-29,16:21:55,-07:00,2026-04-29T16:21:55-07:00,3,18
projects\projects.js,92,js,5c70df2f,Yutao Lin,2026-04-29,16:21:55,-07:00,2026-04-29T16:21:55-07:00,4,71
projects\projects.js,93,js,5c70df2f,Yutao Lin,2026-04-29,16:21:55,-07:00,2026-04-29T16:21:55-07:00,4,14
projects\projects.js,94,js,5c70df2f,Yutao Lin,2026-04-29,16:21:55,-07:00,2026-04-29T16:21:55-07:00,3,1
projects\projects.js,95,js,491d983d,Yutao Lin,2026-04-29,16:05:43,-07:00,2026-04-29T16:05:43-07:00,1,1
projects\projects.js,96,js,491d983d,Yutao Lin,2026-04-29,16:05:43,-07:00,2026-04-29T16:05:43-07:00,0,0
projects\projects.js,97,js,4e8c073e,Yutao Lin,2026-04-29,14:39:45,-07:00,2026-04-29T14:39:45-07:00,0,0
projects\projects.js,98,js,5c70df2f,Yutao Lin,2026-04-29,16:21:55,-07:00,2026-04-29T16:21:55-07:00,0,24
projects\projects.js,99,js,5c70df2f,Yutao Lin,2026-04-29,16:21:55,-07:00,2026-04-29T16:21:55-07:00,1,55
projects\projects.js,100,js,5c70df2f,Yutao Lin,2026-04-29,16:21:55,-07:00,2026-04-29T16:21:55-07:00,1,53
projects\projects.js,101,js,5c70df2f,Yutao Lin,2026-04-29,16:21:55,-07:00,2026-04-29T16:21:55-07:00,0,0
projects\projects.js,102,js,5c70df2f,Yutao Lin,2026-04-29,16:21:55,-07:00,2026-04-29T16:21:55-07:00,1,61
projects\projects.js,103,js,5c70df2f,Yutao Lin,2026-04-29,16:21:55,-07:00,2026-04-29T16:21:55-07:00,1,37
projects\projects.js,104,js,5c70df2f,Yutao Lin,2026-04-29,16:21:55,-07:00,2026-04-29T16:21:55-07:00,0,0
projects\projects.js,105,js,a2fac410,Yutao Lin,2026-04-29,14:43:32,-07:00,2026-04-29T14:43:32-07:00,0,0
projects\projects.js,106,js,491d983d,Yutao Lin,2026-04-29,16:05:43,-07:00,2026-04-29T16:05:43-07:00,0,48
projects\projects.js,107,js,8f7c2030,Yutao Lin,2026-04-29,16:11:03,-07:00,2026-04-29T16:11:03-07:00,1,25
projects\projects.js,108,js,5c70df2f,Yutao Lin,2026-04-29,16:21:55,-07:00,2026-04-29T16:21:55-07:00,1,14
projects\projects.js,109,js,5c70df2f,Yutao Lin,2026-04-29,16:21:55,-07:00,2026-04-29T16:21:55-07:00,0,1
projects\projects.js,110,js,a2fac410,Yutao Lin,2026-04-29,14:43:32,-07:00,2026-04-29T14:43:32-07:00,0,0
projects\projects.js,111,js,5c70df2f,Yutao Lin,2026-04-29,16:21:55,-07:00,2026-04-29T16:21:55-07:00,0,14
projects\index.html,1,html,14c97231,Yutao Lin,2026-04-02,21:47:33,-07:00,2026-04-02T21:47:33-07:00,0,13
projects\index.html,2,html,14c97231,Yutao Lin,2026-04-02,21:47:33,-07:00,2026-04-02T21:47:33-07:00,0,14
projects\index.html,3,html,14c97231,Yutao Lin,2026-04-02,21:47:33,-07:00,2026-04-02T21:47:33-07:00,0,4
projects\index.html,4,html,009b2d49,Yutao Lin,2026-04-10,14:11:45,-07:00,2026-04-10T14:11:45-07:00,1,20
projects\index.html,5,html,009b2d49,Yutao Lin,2026-04-10,14:11:45,-07:00,2026-04-10T14:11:45-07:00,1,68
projects\index.html,6,html,009b2d49,Yutao Lin,2026-04-10,14:11:45,-07:00,2026-04-10T14:11:45-07:00,1,21
projects\index.html,7,html,009b2d49,Yutao Lin,2026-04-10,14:11:45,-07:00,2026-04-10T14:11:45-07:00,1,41
projects\index.html,8,html,28b4502c,Yutao Lin,2026-04-20,19:16:42,-07:00,2026-04-20T19:16:42-07:00,1,48
projects\index.html,9,html,28b4502c,Yutao Lin,2026-04-20,19:16:42,-07:00,2026-04-20T19:16:42-07:00,1,49
projects\index.html,10,html,14c97231,Yutao Lin,2026-04-02,21:47:33,-07:00,2026-04-02T21:47:33-07:00,0,5
projects\index.html,11,html,14c97231,Yutao Lin,2026-04-02,21:47:33,-07:00,2026-04-02T21:47:33-07:00,0,4
projects\index.html,12,html,009b2d49,Yutao Lin,2026-04-10,14:11:45,-07:00,2026-04-10T14:11:45-07:00,1,15
projects\index.html,13,html,4e8c073e,Yutao Lin,2026-04-29,14:39:45,-07:00,2026-04-29T14:39:45-07:00,0,0
projects\index.html,14,html,a2fac410,Yutao Lin,2026-04-29,14:43:32,-07:00,2026-04-29T14:43:32-07:00,1,27
projects\index.html,15,html,a2fac410,Yutao Lin,2026-04-29,14:43:32,-07:00,2026-04-29T14:43:32-07:00,2,58
projects\index.html,16,html,a2fac410,Yutao Lin,2026-04-29,14:43:32,-07:00,2026-04-29T14:43:32-07:00,2,22
projects\index.html,17,html,a2fac410,Yutao Lin,2026-04-29,14:43:32,-07:00,2026-04-29T14:43:32-07:00,1,4
projects\index.html,18,html,491d983d,Yutao Lin,2026-04-29,16:05:43,-07:00,2026-04-29T16:05:43-07:00,0,0
projects\index.html,19,html,491d983d,Yutao Lin,2026-04-29,16:05:43,-07:00,2026-04-29T16:05:43-07:00,1,4
projects\index.html,20,html,491d983d,Yutao Lin,2026-04-29,16:05:43,-07:00,2026-04-29T16:05:43-07:00,2,15
projects\index.html,21,html,491d983d,Yutao Lin,2026-04-29,16:05:43,-07:00,2026-04-29T16:05:43-07:00,2,11
projects\index.html,22,html,491d983d,Yutao Lin,2026-04-29,16:05:43,-07:00,2026-04-29T16:05:43-07:00,2,26
projects\index.html,23,html,491d983d,Yutao Lin,2026-04-29,16:05:43,-07:00,2026-04-29T16:05:43-07:00,2,28
projects\index.html,24,html,491d983d,Yutao Lin,2026-04-29,16:05:43,-07:00,2026-04-29T16:05:43-07:00,1,0
projects\index.html,25,html,491d983d,Yutao Lin,2026-04-29,16:05:43,-07:00,2026-04-29T16:05:43-07:00,0,0
projects\index.html,26,html,28b4502c,Yutao Lin,2026-04-20,19:16:42,-07:00,2026-04-20T19:16:42-07:00,1,26
projects\index.html,27,html,14c97231,Yutao Lin,2026-04-02,21:47:33,-07:00,2026-04-02T21:47:33-07:00,0,5
projects\index.html,28,html,28b4502c,Yutao Lin,2026-04-20,19:16:42,-07:00,2026-04-20T19:16:42-07:00,0,5
meta\index.html,1,html,b9c5d7f8,Yutao Lin,2026-05-08,14:05:39,-07:00,2026-05-08T14:05:39-07:00,0,13
meta\index.html,2,html,b9c5d7f8,Yutao Lin,2026-05-08,14:05:39,-07:00,2026-05-08T14:05:39-07:00,0,14
meta\index.html,3,html,b9c5d7f8,Yutao Lin,2026-05-08,14:05:39,-07:00,2026-05-08T14:05:39-07:00,0,4
meta\index.html,4,html,b9c5d7f8,Yutao Lin,2026-05-08,14:05:39,-07:00,2026-05-08T14:05:39-07:00,1,20
meta\index.html,5,html,b9c5d7f8,Yutao Lin,2026-05-08,14:05:39,-07:00,2026-05-08T14:05:39-07:00,1,68
meta\index.html,6,html,b9c5d7f8,Yutao Lin,2026-05-08,14:05:39,-07:00,2026-05-08T14:05:39-07:00,1,17
meta\index.html,7,html,b9c5d7f8,Yutao Lin,2026-05-08,14:05:39,-07:00,2026-05-08T14:05:39-07:00,1,41
meta\index.html,8,html,b9c5d7f8,Yutao Lin,2026-05-08,14:05:39,-07:00,2026-05-08T14:05:39-07:00,1,48
meta\index.html,9,html,b9c5d7f8,Yutao Lin,2026-05-08,14:05:39,-07:00,2026-05-08T14:05:39-07:00,0,5
meta\index.html,10,html,b9c5d7f8,Yutao Lin,2026-05-08,14:05:39,-07:00,2026-05-08T14:05:39-07:00,0,4
meta\index.html,11,html,b9c5d7f8,Yutao Lin,2026-05-08,14:05:39,-07:00,2026-05-08T14:05:39-07:00,1,11
meta\index.html,12,html,b9c5d7f8,Yutao Lin,2026-05-08,14:05:39,-07:00,2026-05-08T14:05:39-07:00,1,57
meta\index.html,13,html,b9c5d7f8,Yutao Lin,2026-05-08,14:05:39,-07:00,2026-05-08T14:05:39-07:00,0,5
meta\index.html,14,html,18e11449,Yutao Lin,2026-05-08,14:27:09,-07:00,2026-05-08T14:27:09-07:00,0,5
cv\index.html,1,html,975c3a87,Yutao Lin,2026-04-03,14:41:49,-07:00,2026-04-03T14:41:49-07:00,0,13
cv\index.html,2,html,975c3a87,Yutao Lin,2026-04-03,14:41:49,-07:00,2026-04-03T14:41:49-07:00,0,14
cv\index.html,3,html,975c3a87,Yutao Lin,2026-04-03,14:41:49,-07:00,2026-04-03T14:41:49-07:00,0,4
cv\index.html,4,html,975c3a87,Yutao Lin,2026-04-03,14:41:49,-07:00,2026-04-03T14:41:49-07:00,2,20
cv\index.html,5,html,975c3a87,Yutao Lin,2026-04-03,14:41:49,-07:00,2026-04-03T14:41:49-07:00,2,68
cv\index.html,6,html,975c3a87,Yutao Lin,2026-04-03,14:41:49,-07:00,2026-04-03T14:41:49-07:00,2,27
cv\index.html,7,html,975c3a87,Yutao Lin,2026-04-03,14:41:49,-07:00,2026-04-03T14:41:49-07:00,2,41
cv\index.html,8,html,497cc43c,Yutao Lin,2026-04-15,23:38:14,-07:00,2026-04-15T23:38:14-07:00,2,48
cv\index.html,9,html,975c3a87,Yutao Lin,2026-04-03,14:41:49,-07:00,2026-04-03T14:41:49-07:00,0,5
cv\index.html,10,html,975c3a87,Yutao Lin,2026-04-03,14:41:49,-07:00,2026-04-03T14:41:49-07:00,0,4
cv\index.html,11,html,975c3a87,Yutao Lin,2026-04-03,14:41:49,-07:00,2026-04-03T14:41:49-07:00,2,23
cv\index.html,12,html,975c3a87,Yutao Lin,2026-04-03,14:41:49,-07:00,2026-04-03T14:41:49-07:00,0,0
cv\index.html,13,html,975c3a87,Yutao Lin,2026-04-03,14:41:49,-07:00,2026-04-03T14:41:49-07:00,2,7
cv\index.html,14,html,975c3a87,Yutao Lin,2026-04-03,14:41:49,-07:00,2026-04-03T14:41:49-07:00,4,6
cv\index.html,15,html,975c3a87,Yutao Lin,2026-04-03,14:41:49,-07:00,2026-04-03T14:41:49-07:00,6,26
cv\index.html,16,html,975c3a87,Yutao Lin,2026-04-03,14:41:49,-07:00,2026-04-03T14:41:49-07:00,4,7
cv\index.html,17,html,975c3a87,Yutao Lin,2026-04-03,14:41:49,-07:00,2026-04-03T14:41:49-07:00,4,14
cv\index.html,18,html,975c3a87,Yutao Lin,2026-04-03,14:41:49,-07:00,2026-04-03T14:41:49-07:00,4,64
cv\index.html,19,html,975c3a87,Yutao Lin,2026-04-03,14:41:49,-07:00,2026-04-03T14:41:49-07:00,4,96
cv\index.html,20,html,975c3a87,Yutao Lin,2026-04-03,14:41:49,-07:00,2026-04-03T14:41:49-07:00,2,8
cv\index.html,21,html,975c3a87,Yutao Lin,2026-04-03,14:41:49,-07:00,2026-04-03T14:41:49-07:00,0,0
cv\index.html,22,html,975c3a87,Yutao Lin,2026-04-03,14:41:49,-07:00,2026-04-03T14:41:49-07:00,2,7
cv\index.html,23,html,975c3a87,Yutao Lin,2026-04-03,14:41:49,-07:00,2026-04-03T14:41:49-07:00,4,6
cv\index.html,24,html,975c3a87,Yutao Lin,2026-04-03,14:41:49,-07:00,2026-04-03T14:41:49-07:00,6,16
cv\index.html,25,html,975c3a87,Yutao Lin,2026-04-03,14:41:49,-07:00,2026-04-03T14:41:49-07:00,4,7
cv\index.html,26,html,975c3a87,Yutao Lin,2026-04-03,14:41:49,-07:00,2026-04-03T14:41:49-07:00,0,0
cv\index.html,27,html,975c3a87,Yutao Lin,2026-04-03,14:41:49,-07:00,2026-04-03T14:41:49-07:00,4,7
cv\index.html,28,html,975c3a87,Yutao Lin,2026-04-03,14:41:49,-07:00,2026-04-03T14:41:49-07:00,6,42
cv\index.html,29,html,975c3a87,Yutao Lin,2026-04-03,14:41:49,-07:00,2026-04-03T14:41:49-07:00,6,40
cv\index.html,30,html,975c3a87,Yutao Lin,2026-04-03,14:41:49,-07:00,2026-04-03T14:41:49-07:00,6,1
cv\index.html,31,html,975c3a87,Yutao Lin,2026-04-03,14:41:49,-07:00,2026-04-03T14:41:49-07:00,8,46
cv\index.html,32,html,975c3a87,Yutao Lin,2026-04-03,14:41:49,-07:00,2026-04-03T14:41:49-07:00,8,39
cv\index.html,33,html,975c3a87,Yutao Lin,2026-04-03,14:41:49,-07:00,2026-04-03T14:41:49-07:00,6,2
cv\index.html,34,html,975c3a87,Yutao Lin,2026-04-03,14:41:49,-07:00,2026-04-03T14:41:49-07:00,4,8
cv\index.html,35,html,975c3a87,Yutao Lin,2026-04-03,14:41:49,-07:00,2026-04-03T14:41:49-07:00,2,8
cv\index.html,36,html,975c3a87,Yutao Lin,2026-04-03,14:41:49,-07:00,2026-04-03T14:41:49-07:00,0,0
cv\index.html,37,html,975c3a87,Yutao Lin,2026-04-03,14:41:49,-07:00,2026-04-03T14:41:49-07:00,2,7
cv\index.html,38,html,975c3a87,Yutao Lin,2026-04-03,14:41:49,-07:00,2026-04-03T14:41:49-07:00,4,6
cv\index.html,39,html,975c3a87,Yutao Lin,2026-04-03,14:41:49,-07:00,2026-04-03T14:41:49-07:00,6,15
cv\index.html,40,html,975c3a87,Yutao Lin,2026-04-03,14:41:49,-07:00,2026-04-03T14:41:49-07:00,4,7
cv\index.html,41,html,975c3a87,Yutao Lin,2026-04-03,14:41:49,-07:00,2026-04-03T14:41:49-07:00,0,0
cv\index.html,42,html,975c3a87,Yutao Lin,2026-04-03,14:41:49,-07:00,2026-04-03T14:41:49-07:00,4,7
cv\index.html,43,html,975c3a87,Yutao Lin,2026-04-03,14:41:49,-07:00,2026-04-03T14:41:49-07:00,6,33
cv\index.html,44,html,975c3a87,Yutao Lin,2026-04-03,14:41:49,-07:00,2026-04-03T14:41:49-07:00,6,1
cv\index.html,45,html,975c3a87,Yutao Lin,2026-04-03,14:41:49,-07:00,2026-04-03T14:41:49-07:00,8,75
cv\index.html,46,html,975c3a87,Yutao Lin,2026-04-03,14:41:49,-07:00,2026-04-03T14:41:49-07:00,8,72
cv\index.html,47,html,975c3a87,Yutao Lin,2026-04-03,14:41:49,-07:00,2026-04-03T14:41:49-07:00,8,74
cv\index.html,48,html,975c3a87,Yutao Lin,2026-04-03,14:41:49,-07:00,2026-04-03T14:41:49-07:00,6,2
cv\index.html,49,html,975c3a87,Yutao Lin,2026-04-03,14:41:49,-07:00,2026-04-03T14:41:49-07:00,4,8
cv\index.html,50,html,975c3a87,Yutao Lin,2026-04-03,14:41:49,-07:00,2026-04-03T14:41:49-07:00,0,0
cv\index.html,51,html,975c3a87,Yutao Lin,2026-04-03,14:41:49,-07:00,2026-04-03T14:41:49-07:00,4,7
cv\index.html,52,html,975c3a87,Yutao Lin,2026-04-03,14:41:49,-07:00,2026-04-03T14:41:49-07:00,6,43
cv\index.html,53,html,975c3a87,Yutao Lin,2026-04-03,14:41:49,-07:00,2026-04-03T14:41:49-07:00,6,1
cv\index.html,54,html,975c3a87,Yutao Lin,2026-04-03,14:41:49,-07:00,2026-04-03T14:41:49-07:00,8,72
cv\index.html,55,html,975c3a87,Yutao Lin,2026-04-03,14:41:49,-07:00,2026-04-03T14:41:49-07:00,8,88
cv\index.html,56,html,975c3a87,Yutao Lin,2026-04-03,14:41:49,-07:00,2026-04-03T14:41:49-07:00,6,2
cv\index.html,57,html,975c3a87,Yutao Lin,2026-04-03,14:41:49,-07:00,2026-04-03T14:41:49-07:00,4,8
cv\index.html,58,html,975c3a87,Yutao Lin,2026-04-03,14:41:49,-07:00,2026-04-03T14:41:49-07:00,2,8
cv\index.html,59,html,975c3a87,Yutao Lin,2026-04-03,14:41:49,-07:00,2026-04-03T14:41:49-07:00,0,0
cv\index.html,60,html,975c3a87,Yutao Lin,2026-04-03,14:41:49,-07:00,2026-04-03T14:41:49-07:00,2,7
cv\index.html,61,html,975c3a87,Yutao Lin,2026-04-03,14:41:49,-07:00,2026-04-03T14:41:49-07:00,4,6
cv\index.html,62,html,975c3a87,Yutao Lin,2026-04-03,14:41:49,-07:00,2026-04-03T14:41:49-07:00,6,13
cv\index.html,63,html,975c3a87,Yutao Lin,2026-04-03,14:41:49,-07:00,2026-04-03T14:41:49-07:00,4,7
cv\index.html,64,html,975c3a87,Yutao Lin,2026-04-03,14:41:49,-07:00,2026-04-03T14:41:49-07:00,4,2
cv\index.html,65,html,975c3a87,Yutao Lin,2026-04-03,14:41:49,-07:00,2026-04-03T14:41:49-07:00,6,48
cv\index.html,66,html,975c3a87,Yutao Lin,2026-04-03,14:41:49,-07:00,2026-04-03T14:41:49-07:00,6,77
cv\index.html,67,html,975c3a87,Yutao Lin,2026-04-03,14:41:49,-07:00,2026-04-03T14:41:49-07:00,6,88
cv\index.html,68,html,975c3a87,Yutao Lin,2026-04-03,14:41:49,-07:00,2026-04-03T14:41:49-07:00,4,3
cv\index.html,69,html,975c3a87,Yutao Lin,2026-04-03,14:41:49,-07:00,2026-04-03T14:41:49-07:00,2,8
cv\index.html,70,html,975c3a87,Yutao Lin,2026-04-03,14:41:49,-07:00,2026-04-03T14:41:49-07:00,0,0
cv\index.html,71,html,975c3a87,Yutao Lin,2026-04-03,14:41:49,-07:00,2026-04-03T14:41:49-07:00,2,7
cv\index.html,72,html,975c3a87,Yutao Lin,2026-04-03,14:41:49,-07:00,2026-04-03T14:41:49-07:00,4,6
cv\index.html,73,html,975c3a87,Yutao Lin,2026-04-03,14:41:49,-07:00,2026-04-03T14:41:49-07:00,6,17
cv\index.html,74,html,975c3a87,Yutao Lin,2026-04-03,14:41:49,-07:00,2026-04-03T14:41:49-07:00,4,7
cv\index.html,75,html,975c3a87,Yutao Lin,2026-04-03,14:41:49,-07:00,2026-04-03T14:41:49-07:00,0,0
cv\index.html,76,html,975c3a87,Yutao Lin,2026-04-03,14:41:49,-07:00,2026-04-03T14:41:49-07:00,4,7
cv\index.html,77,html,975c3a87,Yutao Lin,2026-04-03,14:41:49,-07:00,2026-04-03T14:41:49-07:00,6,38
cv\index.html,78,html,975c3a87,Yutao Lin,2026-04-03,14:41:49,-07:00,2026-04-03T14:41:49-07:00,6,1
cv\index.html,79,html,975c3a87,Yutao Lin,2026-04-03,14:41:49,-07:00,2026-04-03T14:41:49-07:00,8,46
cv\index.html,80,html,975c3a87,Yutao Lin,2026-04-03,14:41:49,-07:00,2026-04-03T14:41:49-07:00,8,39
cv\index.html,81,html,975c3a87,Yutao Lin,2026-04-03,14:41:49,-07:00,2026-04-03T14:41:49-07:00,6,2
cv\index.html,82,html,975c3a87,Yutao Lin,2026-04-03,14:41:49,-07:00,2026-04-03T14:41:49-07:00,6,2
cv\index.html,83,html,975c3a87,Yutao Lin,2026-04-03,14:41:49,-07:00,2026-04-03T14:41:49-07:00,8,104
cv\index.html,84,html,975c3a87,Yutao Lin,2026-04-03,14:41:49,-07:00,2026-04-03T14:41:49-07:00,8,79
cv\index.html,85,html,975c3a87,Yutao Lin,2026-04-03,14:41:49,-07:00,2026-04-03T14:41:49-07:00,8,79
cv\index.html,86,html,975c3a87,Yutao Lin,2026-04-03,14:41:49,-07:00,2026-04-03T14:41:49-07:00,6,3
cv\index.html,87,html,975c3a87,Yutao Lin,2026-04-03,14:41:49,-07:00,2026-04-03T14:41:49-07:00,4,8
cv\index.html,88,html,975c3a87,Yutao Lin,2026-04-03,14:41:49,-07:00,2026-04-03T14:41:49-07:00,2,8
cv\index.html,89,html,975c3a87,Yutao Lin,2026-04-03,14:41:49,-07:00,2026-04-03T14:41:49-07:00,0,5
cv\index.html,90,html,975c3a87,Yutao Lin,2026-04-03,14:41:49,-07:00,2026-04-03T14:41:49-07:00,0,5
contact\index.html,1,html,4a76b5d7,Yutao Lin,2026-04-02,21:47:36,-07:00,2026-04-02T21:47:36-07:00,0,13
contact\index.html,2,html,4a76b5d7,Yutao Lin,2026-04-02,21:47:36,-07:00,2026-04-02T21:47:36-07:00,0,14
contact\index.html,3,html,4a76b5d7,Yutao Lin,2026-04-02,21:47:36,-07:00,2026-04-02T21:47:36-07:00,0,4
contact\index.html,4,html,4a76b5d7,Yutao Lin,2026-04-02,21:47:36,-07:00,2026-04-02T21:47:36-07:00,2,20
contact\index.html,5,html,4a76b5d7,Yutao Lin,2026-04-02,21:47:36,-07:00,2026-04-02T21:47:36-07:00,2,68
contact\index.html,6,html,4a76b5d7,Yutao Lin,2026-04-02,21:47:36,-07:00,2026-04-02T21:47:36-07:00,2,20
contact\index.html,7,html,4a76b5d7,Yutao Lin,2026-04-02,21:47:36,-07:00,2026-04-02T21:47:36-07:00,2,41
contact\index.html,8,html,497cc43c,Yutao Lin,2026-04-15,23:38:14,-07:00,2026-04-15T23:38:14-07:00,2,48
contact\index.html,9,html,4a76b5d7,Yutao Lin,2026-04-02,21:47:36,-07:00,2026-04-02T21:47:36-07:00,0,5
contact\index.html,10,html,4a76b5d7,Yutao Lin,2026-04-02,21:47:36,-07:00,2026-04-02T21:47:36-07:00,0,4
contact\index.html,11,html,4a76b5d7,Yutao Lin,2026-04-02,21:47:36,-07:00,2026-04-02T21:47:36-07:00,2,14
contact\index.html,12,html,9a6f5169,Yutao Lin,2026-04-02,21:57:30,-07:00,2026-04-02T21:57:30-07:00,0,0
contact\index.html,13,html,25d7819e,Yutao Lin,2026-04-17,09:02:20,-07:00,2026-04-17T09:02:20-07:00,2,36
contact\index.html,14,html,9a6f5169,Yutao Lin,2026-04-02,21:57:30,-07:00,2026-04-02T21:57:30-07:00,4,5
contact\index.html,15,html,9a6f5169,Yutao Lin,2026-04-02,21:57:30,-07:00,2026-04-02T21:57:30-07:00,6,6
contact\index.html,16,html,9a6f5169,Yutao Lin,2026-04-02,21:57:30,-07:00,2026-04-02T21:57:30-07:00,6,52
contact\index.html,17,html,9a6f5169,Yutao Lin,2026-04-02,21:57:30,-07:00,2026-04-02T21:57:30-07:00,4,6
contact\index.html,18,html,9a6f5169,Yutao Lin,2026-04-02,21:57:30,-07:00,2026-04-02T21:57:30-07:00,0,0
contact\index.html,19,html,9a6f5169,Yutao Lin,2026-04-02,21:57:30,-07:00,2026-04-02T21:57:30-07:00,4,5
contact\index.html,20,html,9a6f5169,Yutao Lin,2026-04-02,21:57:30,-07:00,2026-04-02T21:57:30-07:00,6,6
contact\index.html,21,html,9a6f5169,Yutao Lin,2026-04-02,21:57:30,-07:00,2026-04-02T21:57:30-07:00,6,84
contact\index.html,22,html,9a6f5169,Yutao Lin,2026-04-02,21:57:30,-07:00,2026-04-02T21:57:30-07:00,4,6
contact\index.html,23,html,9a6f5169,Yutao Lin,2026-04-02,21:57:30,-07:00,2026-04-02T21:57:30-07:00,0,0
contact\index.html,24,html,9a6f5169,Yutao Lin,2026-04-02,21:57:30,-07:00,2026-04-02T21:57:30-07:00,4,19
contact\index.html,25,html,9a6f5169,Yutao Lin,2026-04-02,21:57:30,-07:00,2026-04-02T21:57:30-07:00,2,5
contact\index.html,26,html,4a76b5d7,Yutao Lin,2026-04-02,21:47:36,-07:00,2026-04-02T21:47:36-07:00,0,5
contact\index.html,27,html,4a76b5d7,Yutao Lin,2026-04-02,21:47:36,-07:00,2026-04-02T21:47:36-07:00,0,5
